Location,Age,Sex,2017,2018,2019,avg_population
Blagoevgrad,(0-4),Female,6980.0,6911.0,6915.0,6935.33
Blagoevgrad,(0-4),Male,7220.0,7198.0,7113.0,7177.0
Blagoevgrad,(0-4),Total,14200.0,14109.0,14028.0,14112.33
Blagoevgrad,(10-14),Female,7344.0,7551.0,7642.0,7512.33
Blagoevgrad,(10-14),Male,7710.0,7949.0,8091.0,7916.67
Blagoevgrad,(10-14),Total,15054.0,15500.0,15733.0,15429.0
Blagoevgrad,(15-19),Female,6666.0,6663.0,6679.0,6669.33
Blagoevgrad,(15-19),Male,7166.0,7140.0,7090.0,7132.0
Blagoevgrad,(15-19),Total,13832.0,13803.0,13769.0,13801.33
Blagoevgrad,(20-24),Female,6303.0,5832.0,5507.0,5880.67
Blagoevgrad,(20-24),Male,6729.0,6193.0,5866.0,6262.67
Blagoevgrad,(20-24),Total,13032.0,12025.0,11373.0,12143.33
Blagoevgrad,(25-29),Female,10949.0,9974.0,8964.0,9962.33
Blagoevgrad,(25-29),Male,10569.0,9739.0,8914.0,9740.67
Blagoevgrad,(25-29),Total,21518.0,19713.0,17878.0,19703.0
Blagoevgrad,(30-34),Female,10667.0,10829.0,11001.0,10832.33
Blagoevgrad,(30-34),Male,11267.0,11282.0,11074.0,11207.67
Blagoevgrad,(30-34),Total,21934.0,22111.0,22075.0,22040.0
Blagoevgrad,(35-39),Female,10452.0,10346.0,10209.0,10335.67
Blagoevgrad,(35-39),Male,11288.0,11179.0,11161.0,11209.33
Blagoevgrad,(35-39),Total,21740.0,21525.0,21370.0,21545.0
Blagoevgrad,(40-44),Female,11086.0,10963.0,10892.0,10980.33
Blagoevgrad,(40-44),Male,11675.0,11592.0,11352.0,11539.67
Blagoevgrad,(40-44),Total,22761.0,22555.0,22244.0,22520.0
Blagoevgrad,(45-49),Female,11414.0,11076.0,10822.0,11104.0
Blagoevgrad,(45-49),Male,11501.0,11438.0,11397.0,11445.33
Blagoevgrad,(45-49),Total,22915.0,22514.0,22219.0,22549.33
Blagoevgrad,(5-9),Female,7600.0,7349.0,7204.0,7384.33
Blagoevgrad,(5-9),Male,7959.0,7734.0,7592.0,7761.67
Blagoevgrad,(5-9),Total,15559.0,15083.0,14796.0,15146.0
Blagoevgrad,(50-54),Female,11434.0,11465.0,11509.0,11469.33
Blagoevgrad,(50-54),Male,11209.0,11067.0,11169.0,11148.33
Blagoevgrad,(50-54),Total,22643.0,22532.0,22678.0,22617.67
Blagoevgrad,(55-59),Female,11836.0,11874.0,11793.0,11834.33
Blagoevgrad,(55-59),Male,11246.0,11208.0,11156.0,11203.33
Blagoevgrad,(55-59),Total,23082.0,23082.0,22949.0,23037.67
Blagoevgrad,(60-64),Female,11293.0,11368.0,11431.0,11364.0
Blagoevgrad,(60-64),Male,10341.0,10276.0,10312.0,10309.67
Blagoevgrad,(60-64),Total,21634.0,21644.0,21743.0,21673.67
Blagoevgrad,(65-69),Female,10380.0,10456.0,10482.0,10439.33
Blagoevgrad,(65-69),Male,8677.0,8886.0,8924.0,8829.0
Blagoevgrad,(65-69),Total,19057.0,19342.0,19406.0,19268.33
Blagoevgrad,(70-74),Female,8492.0,8792.0,8964.0,8749.33
Blagoevgrad,(70-74),Male,6322.0,6521.0,6781.0,6541.33
Blagoevgrad,(70-74),Total,14814.0,15313.0,15745.0,15290.67
Blagoevgrad,(75-79),Female,6839.0,6814.0,7020.0,6891.0
Blagoevgrad,(75-79),Male,4454.0,4383.0,4412.0,4416.33
Blagoevgrad,(75-79),Total,11293.0,11197.0,11432.0,11307.33
Blagoevgrad,(80-84),Female,5085.0,5012.0,4903.0,5000.0
Blagoevgrad,(80-84),Male,2984.0,2958.0,2938.0,2960.0
Blagoevgrad,(80-84),Total,8069.0,7970.0,7841.0,7960.0
Blagoevgrad,(85-89),Female,2292.0,2495.0,2752.0,2513.0
Blagoevgrad,(85-89),Male,1331.0,1424.0,1498.0,1417.67
Blagoevgrad,(85-89),Total,3623.0,3919.0,4250.0,3930.67
Blagoevgrad,(90+),Female,763.0,811.0,774.0,782.67
Blagoevgrad,(90+),Male,359.0,375.0,391.0,375.0
Blagoevgrad,(90+),Total,1122.0,1186.0,1165.0,1157.67
Burgas,(0-4),Female,10016.0,9829.0,9675.0,9840.0
Burgas,(0-4),Male,10300.0,10283.0,10089.0,10224.0
Burgas,(0-4),Total,20316.0,20112.0,19764.0,20064.0
Burgas,(10-14),Female,10311.0,10658.0,11141.0,10703.33
Burgas,(10-14),Male,10994.0,11362.0,11710.0,11355.33
Burgas,(10-14),Total,21305.0,22020.0,22851.0,22058.67
Burgas,(15-19),Female,9269.0,9478.0,9576.0,9441.0
Burgas,(15-19),Male,9612.0,9730.0,9898.0,9746.67
Burgas,(15-19),Total,18881.0,19208.0,19474.0,19187.67
Burgas,(20-24),Female,8766.0,8211.0,8125.0,8367.33
Burgas,(20-24),Male,9017.0,8658.0,8464.0,8713.0
Burgas,(20-24),Total,17783.0,16869.0,16589.0,17080.33
Burgas,(25-29),Female,12006.0,11342.0,10547.0,11298.33
Burgas,(25-29),Male,12296.0,11410.0,10591.0,11432.33
Burgas,(25-29),Total,24302.0,22752.0,21138.0,22730.67
Burgas,(30-34),Female,14089.0,14015.0,13762.0,13955.33
Burgas,(30-34),Male,14615.0,14299.0,13877.0,14263.67
Burgas,(30-34),Total,28704.0,28314.0,27639.0,28219.0
Burgas,(35-39),Female,14958.0,14679.0,14432.0,14689.67
Burgas,(35-39),Male,16048.0,15816.0,15479.0,15781.0
Burgas,(35-39),Total,31006.0,30495.0,29911.0,30470.67
Burgas,(40-44),Female,16743.0,16526.0,16059.0,16442.67
Burgas,(40-44),Male,17672.0,17430.0,16901.0,17334.33
Burgas,(40-44),Total,34415.0,33956.0,32960.0,33777.0
Burgas,(45-49),Female,15145.0,15438.0,15854.0,15479.0
Burgas,(45-49),Male,15768.0,15982.0,16473.0,16074.33
Burgas,(45-49),Total,30913.0,31420.0,32327.0,31553.33
Burgas,(5-9),Female,10932.0,10730.0,10280.0,10647.33
Burgas,(5-9),Male,11420.0,11186.0,10978.0,11194.67
Burgas,(5-9),Total,22352.0,21916.0,21258.0,21842.0
Burgas,(50-54),Female,13347.0,13615.0,14014.0,13658.67
Burgas,(50-54),Male,13122.0,13546.0,13915.0,13527.67
Burgas,(50-54),Total,26469.0,27161.0,27929.0,27186.33
Burgas,(55-59),Female,14638.0,14420.0,14353.0,14470.33
Burgas,(55-59),Male,13555.0,13365.0,13460.0,13460.0
Burgas,(55-59),Total,28193.0,27785.0,27813.0,27930.33
Burgas,(60-64),Female,15290.0,15200.0,15177.0,15222.33
Burgas,(60-64),Male,13202.0,12993.0,12912.0,13035.67
Burgas,(60-64),Total,28492.0,28193.0,28089.0,28258.0
Burgas,(65-69),Female,15301.0,15127.0,15017.0,15148.33
Burgas,(65-69),Male,12162.0,12110.0,11991.0,12087.67
Burgas,(65-69),Total,27463.0,27237.0,27008.0,27236.0
Burgas,(70-74),Female,11556.0,12457.0,13316.0,12443.0
Burgas,(70-74),Male,8346.0,8971.0,9494.0,8937.0
Burgas,(70-74),Total,19902.0,21428.0,22810.0,21380.0
Burgas,(75-79),Female,8786.0,8848.0,8916.0,8850.0
Burgas,(75-79),Male,5440.0,5514.0,5667.0,5540.33
Burgas,(75-79),Total,14226.0,14362.0,14583.0,14390.33
Burgas,(80-84),Female,6619.0,6663.0,6536.0,6606.0
Burgas,(80-84),Male,3687.0,3647.0,3507.0,3613.67
Burgas,(80-84),Total,10306.0,10310.0,10043.0,10219.67
Burgas,(85-89),Female,3190.0,3287.0,3500.0,3325.67
Burgas,(85-89),Male,1766.0,1779.0,1817.0,1787.33
Burgas,(85-89),Total,4956.0,5066.0,5317.0,5113.0
Burgas,(90+),Female,1098.0,1178.0,1195.0,1157.0
Burgas,(90+),Male,497.0,549.0,567.0,537.67
Burgas,(90+),Total,1595.0,1727.0,1762.0,1694.67
Varna,(0-4),Female,11015.0,10975.0,10819.0,10936.33
Varna,(0-4),Male,11811.0,11727.0,11455.0,11664.33
Varna,(0-4),Total,22826.0,22702.0,22274.0,22600.67
Varna,(10-14),Female,11318.0,11701.0,12230.0,11749.67
Varna,(10-14),Male,11983.0,12407.0,12878.0,12422.67
Varna,(10-14),Total,23301.0,24108.0,25108.0,24172.33
Varna,(15-19),Female,10379.0,10511.0,10421.0,10437.0
Varna,(15-19),Male,10896.0,11094.0,11104.0,11031.33
Varna,(15-19),Total,21275.0,21605.0,21525.0,21468.33
Varna,(20-24),Female,10404.0,10127.0,10105.0,10212.0
Varna,(20-24),Male,11632.0,11371.0,11412.0,11471.67
Varna,(20-24),Total,22036.0,21498.0,21517.0,21683.67
Varna,(25-29),Female,15662.0,14643.0,13554.0,14619.67
Varna,(25-29),Male,16327.0,15367.0,14321.0,15338.33
Varna,(25-29),Total,31989.0,30010.0,27875.0,29958.0
Varna,(30-34),Female,17804.0,17711.0,17494.0,17669.67
Varna,(30-34),Male,17953.0,17834.0,17635.0,17807.33
Varna,(30-34),Total,35757.0,35545.0,35129.0,35477.0
Varna,(35-39),Female,18042.0,17741.0,17548.0,17777.0
Varna,(35-39),Male,19007.0,18674.0,18358.0,18679.67
Varna,(35-39),Total,37049.0,36415.0,35906.0,36456.67
Varna,(40-44),Female,19946.0,19933.0,19470.0,19783.0
Varna,(40-44),Male,21072.0,20998.0,20429.0,20833.0
Varna,(40-44),Total,41018.0,40931.0,39899.0,40616.0
Varna,(45-49),Female,17130.0,17579.0,18352.0,17687.0
Varna,(45-49),Male,18254.0,18439.0,18927.0,18540.0
Varna,(45-49),Total,35384.0,36018.0,37279.0,36227.0
Varna,(5-9),Female,12297.0,12047.0,11648.0,11997.33
Varna,(5-9),Male,13077.0,12760.0,12499.0,12778.67
Varna,(5-9),Total,25374.0,24807.0,24147.0,24776.0
Varna,(50-54),Female,14531.0,14911.0,15204.0,14882.0
Varna,(50-54),Male,14529.0,15041.0,15606.0,15058.67
Varna,(50-54),Total,29060.0,29952.0,30810.0,29940.67
Varna,(55-59),Female,15019.0,14993.0,14947.0,14986.33
Varna,(55-59),Male,14267.0,14242.0,14173.0,14227.33
Varna,(55-59),Total,29286.0,29235.0,29120.0,29213.67
Varna,(60-64),Female,16249.0,15764.0,15453.0,15822.0
Varna,(60-64),Male,13884.0,13670.0,13446.0,13666.67
Varna,(60-64),Total,30133.0,29434.0,28899.0,29488.67
Varna,(65-69),Female,16286.0,16272.0,16140.0,16232.67
Varna,(65-69),Male,12806.0,12715.0,12644.0,12721.67
Varna,(65-69),Total,29092.0,28987.0,28784.0,28954.33
Varna,(70-74),Female,13642.0,14262.0,14863.0,14255.67
Varna,(70-74),Male,9862.0,10155.0,10464.0,10160.33
Varna,(70-74),Total,23504.0,24417.0,25327.0,24416.0
Varna,(75-79),Female,9567.0,9903.0,10268.0,9912.67
Varna,(75-79),Male,6362.0,6525.0,6764.0,6550.33
Varna,(75-79),Total,15929.0,16428.0,17032.0,16463.0
Varna,(80-84),Female,7415.0,7229.0,7047.0,7230.33
Varna,(80-84),Male,3973.0,3936.0,3884.0,3931.0
Varna,(80-84),Total,11388.0,11165.0,10931.0,11161.33
Varna,(85-89),Female,3849.0,4027.0,4236.0,4037.33
Varna,(85-89),Male,2035.0,2062.0,2081.0,2059.33
Varna,(85-89),Total,5884.0,6089.0,6317.0,6096.67
Varna,(90+),Female,1264.0,1309.0,1374.0,1315.67
Varna,(90+),Male,571.0,597.0,632.0,600.0
Varna,(90+),Total,1835.0,1906.0,2006.0,1915.67
Veliko Tarnovo,(0-4),Female,4903.0,4788.0,4613.0,4768.0
Veliko Tarnovo,(0-4),Male,5196.0,5035.0,4834.0,5021.67
Veliko Tarnovo,(0-4),Total,10099.0,9823.0,9447.0,9789.67
Veliko Tarnovo,(10-14),Female,4785.0,4810.0,4862.0,4819.0
Veliko Tarnovo,(10-14),Male,5103.0,5119.0,5201.0,5141.0
Veliko Tarnovo,(10-14),Total,9888.0,9929.0,10063.0,9960.0
Veliko Tarnovo,(15-19),Female,5049.0,5048.0,4967.0,5021.33
Veliko Tarnovo,(15-19),Male,5185.0,5116.0,5133.0,5144.67
Veliko Tarnovo,(15-19),Total,10234.0,10164.0,10100.0,10166.0
Veliko Tarnovo,(20-24),Female,5717.0,5518.0,5401.0,5545.33
Veliko Tarnovo,(20-24),Male,5907.0,5527.0,5421.0,5618.33
Veliko Tarnovo,(20-24),Total,11624.0,11045.0,10822.0,11163.67
Veliko Tarnovo,(25-29),Female,9600.0,8482.0,7511.0,8531.0
Veliko Tarnovo,(25-29),Male,9743.0,8880.0,7796.0,8806.33
Veliko Tarnovo,(25-29),Total,19343.0,17362.0,15307.0,17337.33
Veliko Tarnovo,(30-34),Female,7166.0,7550.0,7834.0,7516.67
Veliko Tarnovo,(30-34),Male,7916.0,8311.0,8629.0,8285.33
Veliko Tarnovo,(30-34),Total,15082.0,15861.0,16463.0,15802.0
Veliko Tarnovo,(35-39),Female,7225.0,7053.0,6918.0,7065.33
Veliko Tarnovo,(35-39),Male,7712.0,7495.0,7447.0,7551.33
Veliko Tarnovo,(35-39),Total,14937.0,14548.0,14365.0,14616.67
Veliko Tarnovo,(40-44),Female,8220.0,8188.0,8005.0,8137.67
Veliko Tarnovo,(40-44),Male,8796.0,8677.0,8372.0,8615.0
Veliko Tarnovo,(40-44),Total,17016.0,16865.0,16377.0,16752.67
Veliko Tarnovo,(45-49),Female,7949.0,7828.0,7773.0,7850.0
Veliko Tarnovo,(45-49),Male,8296.0,8299.0,8515.0,8370.0
Veliko Tarnovo,(45-49),Total,16245.0,16127.0,16288.0,16220.0
Veliko Tarnovo,(5-9),Female,5077.0,5031.0,5013.0,5040.33
Veliko Tarnovo,(5-9),Male,5334.0,5256.0,5217.0,5269.0
Veliko Tarnovo,(5-9),Total,10411.0,10287.0,10230.0,10309.33
Veliko Tarnovo,(50-54),Female,7434.0,7464.0,7583.0,7493.67
Veliko Tarnovo,(50-54),Male,7564.0,7543.0,7543.0,7550.0
Veliko Tarnovo,(50-54),Total,14998.0,15007.0,15126.0,15043.67
Veliko Tarnovo,(55-59),Female,8318.0,8111.0,7999.0,8142.67
Veliko Tarnovo,(55-59),Male,7996.0,7914.0,7784.0,7898.0
Veliko Tarnovo,(55-59),Total,16314.0,16025.0,15783.0,16040.67
Veliko Tarnovo,(60-64),Female,9257.0,9072.0,8726.0,9018.33
Veliko Tarnovo,(60-64),Male,8384.0,8158.0,7911.0,8151.0
Veliko Tarnovo,(60-64),Total,17641.0,17230.0,16637.0,17169.33
Veliko Tarnovo,(65-69),Female,9694.0,9434.0,9259.0,9462.33
Veliko Tarnovo,(65-69),Male,7908.0,7692.0,7569.0,7723.0
Veliko Tarnovo,(65-69),Total,17602.0,17126.0,16828.0,17185.33
Veliko Tarnovo,(70-74),Female,8848.0,9007.0,9108.0,8987.67
Veliko Tarnovo,(70-74),Male,6435.0,6595.0,6665.0,6565.0
Veliko Tarnovo,(70-74),Total,15283.0,15602.0,15773.0,15552.67
Veliko Tarnovo,(75-79),Female,6371.0,6555.0,6785.0,6570.33
Veliko Tarnovo,(75-79),Male,3998.0,4181.0,4295.0,4158.0
Veliko Tarnovo,(75-79),Total,10369.0,10736.0,11080.0,10728.33
Veliko Tarnovo,(80-84),Female,4620.0,4480.0,4403.0,4501.0
Veliko Tarnovo,(80-84),Male,2542.0,2429.0,2382.0,2451.0
Veliko Tarnovo,(80-84),Total,7162.0,6909.0,6785.0,6952.0
Veliko Tarnovo,(85-89),Female,2484.0,2584.0,2626.0,2564.67
Veliko Tarnovo,(85-89),Male,1300.0,1312.0,1324.0,1312.0
Veliko Tarnovo,(85-89),Total,3784.0,3896.0,3950.0,3876.67
Veliko Tarnovo,(90+),Female,760.0,789.0,781.0,776.67
Veliko Tarnovo,(90+),Male,340.0,377.0,363.0,360.0
Veliko Tarnovo,(90+),Total,1100.0,1166.0,1144.0,1136.67
Vidin,(0-4),Female,1433.0,1396.0,1356.0,1395.0
Vidin,(0-4),Male,1507.0,1533.0,1438.0,1492.67
Vidin,(0-4),Total,2940.0,2929.0,2794.0,2887.67
Vidin,(10-14),Female,1850.0,1829.0,1818.0,1832.33
Vidin,(10-14),Male,2025.0,1965.0,1944.0,1978.0
Vidin,(10-14),Total,3875.0,3794.0,3762.0,3810.33
Vidin,(15-19),Female,1864.0,1860.0,1809.0,1844.33
Vidin,(15-19),Male,1887.0,1910.0,1901.0,1899.33
Vidin,(15-19),Total,3751.0,3770.0,3710.0,3743.67
Vidin,(20-24),Female,1506.0,1342.0,1276.0,1374.67
Vidin,(20-24),Male,1628.0,1407.0,1367.0,1467.33
Vidin,(20-24),Total,3134.0,2749.0,2643.0,2842.0
Vidin,(25-29),Female,1677.0,1638.0,1534.0,1616.33
Vidin,(25-29),Male,2016.0,1955.0,1765.0,1912.0
Vidin,(25-29),Total,3693.0,3593.0,3299.0,3528.33
Vidin,(30-34),Female,2020.0,1918.0,1858.0,1932.0
Vidin,(30-34),Male,2313.0,2196.0,2105.0,2204.67
Vidin,(30-34),Total,4333.0,4114.0,3963.0,4136.67
Vidin,(35-39),Female,2300.0,2174.0,2037.0,2170.33
Vidin,(35-39),Male,2566.0,2433.0,2349.0,2449.33
Vidin,(35-39),Total,4866.0,4607.0,4386.0,4619.67
Vidin,(40-44),Female,2964.0,2843.0,2684.0,2830.33
Vidin,(40-44),Male,3292.0,3165.0,2977.0,3144.67
Vidin,(40-44),Total,6256.0,6008.0,5661.0,5975.0
Vidin,(45-49),Female,3214.0,3206.0,3095.0,3171.67
Vidin,(45-49),Male,3635.0,3549.0,3509.0,3564.33
Vidin,(45-49),Total,6849.0,6755.0,6604.0,6736.0
Vidin,(5-9),Female,1745.0,1726.0,1683.0,1718.0
Vidin,(5-9),Male,1858.0,1797.0,1736.0,1797.0
Vidin,(5-9),Total,3603.0,3523.0,3419.0,3515.0
Vidin,(50-54),Female,2665.0,2690.0,2852.0,2735.67
Vidin,(50-54),Male,3024.0,3091.0,3178.0,3097.67
Vidin,(50-54),Total,5689.0,5781.0,6030.0,5833.33
Vidin,(55-59),Female,2838.0,2847.0,2828.0,2837.67
Vidin,(55-59),Male,3121.0,3079.0,3061.0,3087.0
Vidin,(55-59),Total,5959.0,5926.0,5889.0,5924.67
Vidin,(60-64),Female,3369.0,3158.0,2975.0,3167.33
Vidin,(60-64),Male,3151.0,3010.0,2899.0,3020.0
Vidin,(60-64),Total,6520.0,6168.0,5874.0,6187.33
Vidin,(65-69),Female,4431.0,4145.0,3774.0,4116.67
Vidin,(65-69),Male,3471.0,3275.0,3094.0,3280.0
Vidin,(65-69),Total,7902.0,7420.0,6868.0,7396.67
Vidin,(70-74),Female,4067.0,4160.0,4275.0,4167.33
Vidin,(70-74),Male,3062.0,3140.0,3178.0,3126.67
Vidin,(70-74),Total,7129.0,7300.0,7453.0,7294.0
Vidin,(75-79),Female,2763.0,2846.0,2972.0,2860.33
Vidin,(75-79),Male,1796.0,1872.0,1911.0,1859.67
Vidin,(75-79),Total,4559.0,4718.0,4883.0,4720.0
Vidin,(80-84),Female,2207.0,2158.0,2066.0,2143.67
Vidin,(80-84),Male,1239.0,1192.0,1192.0,1207.67
Vidin,(80-84),Total,3446.0,3350.0,3258.0,3351.33
Vidin,(85-89),Female,1173.0,1148.0,1140.0,1153.67
Vidin,(85-89),Male,641.0,585.0,566.0,597.33
Vidin,(85-89),Total,1814.0,1733.0,1706.0,1751.0
Vidin,(90+),Female,430.0,432.0,434.0,432.0
Vidin,(90+),Male,179.0,195.0,199.0,191.0
Vidin,(90+),Total,609.0,627.0,633.0,623.0
Vratsa,(0-4),Female,3352.0,3360.0,3323.0,3345.0
Vratsa,(0-4),Male,3643.0,3677.0,3525.0,3615.0
Vratsa,(0-4),Total,6995.0,7037.0,6848.0,6960.0
Vratsa,(10-14),Female,3793.0,3786.0,3787.0,3788.67
Vratsa,(10-14),Male,3930.0,3929.0,3925.0,3928.0
Vratsa,(10-14),Total,7723.0,7715.0,7712.0,7716.67
Vratsa,(15-19),Female,3879.0,3849.0,3709.0,3812.33
Vratsa,(15-19),Male,4080.0,4069.0,3906.0,4018.33
Vratsa,(15-19),Total,7959.0,7918.0,7615.0,7830.67
Vratsa,(20-24),Female,3316.0,3076.0,3043.0,3145.0
Vratsa,(20-24),Male,3654.0,3320.0,3208.0,3394.0
Vratsa,(20-24),Total,6970.0,6396.0,6251.0,6539.0
Vratsa,(25-29),Female,3850.0,3747.0,3586.0,3727.67
Vratsa,(25-29),Male,4463.0,4276.0,4007.0,4248.67
Vratsa,(25-29),Total,8313.0,8023.0,7593.0,7976.33
Vratsa,(30-34),Female,4236.0,4146.0,4035.0,4139.0
Vratsa,(30-34),Male,4829.0,4762.0,4623.0,4738.0
Vratsa,(30-34),Total,9065.0,8908.0,8658.0,8877.0
Vratsa,(35-39),Female,4791.0,4579.0,4330.0,4566.67
Vratsa,(35-39),Male,5231.0,5005.0,4861.0,5032.33
Vratsa,(35-39),Total,10022.0,9584.0,9191.0,9599.0
Vratsa,(40-44),Female,5780.0,5502.0,5334.0,5538.67
Vratsa,(40-44),Male,6200.0,5966.0,5775.0,5980.33
Vratsa,(40-44),Total,11980.0,11468.0,11109.0,11519.0
Vratsa,(45-49),Female,6207.0,6072.0,5865.0,6048.0
Vratsa,(45-49),Male,7010.0,6691.0,6408.0,6703.0
Vratsa,(45-49),Total,13217.0,12763.0,12273.0,12751.0
Vratsa,(5-9),Female,3694.0,3592.0,3496.0,3594.0
Vratsa,(5-9),Male,3960.0,3851.0,3888.0,3899.67
Vratsa,(5-9),Total,7654.0,7443.0,7384.0,7493.67
Vratsa,(50-54),Female,5587.0,5656.0,5789.0,5677.33
Vratsa,(50-54),Male,6117.0,6242.0,6387.0,6248.67
Vratsa,(50-54),Total,11704.0,11898.0,12176.0,11926.0
Vratsa,(55-59),Female,5895.0,5818.0,5720.0,5811.0
Vratsa,(55-59),Male,6314.0,6251.0,6119.0,6228.0
Vratsa,(55-59),Total,12209.0,12069.0,11839.0,12039.0
Vratsa,(60-64),Female,6397.0,6220.0,6027.0,6214.67
Vratsa,(60-64),Male,5877.0,5814.0,5705.0,5798.67
Vratsa,(60-64),Total,12274.0,12034.0,11732.0,12013.33
Vratsa,(65-69),Female,6819.0,6510.0,6259.0,6529.33
Vratsa,(65-69),Male,5666.0,5490.0,5292.0,5482.67
Vratsa,(65-69),Total,12485.0,12000.0,11551.0,12012.0
Vratsa,(70-74),Female,6421.0,6528.0,6672.0,6540.33
Vratsa,(70-74),Male,4582.0,4657.0,4758.0,4665.67
Vratsa,(70-74),Total,11003.0,11185.0,11430.0,11206.0
Vratsa,(75-79),Female,4306.0,4500.0,4629.0,4478.33
Vratsa,(75-79),Male,2790.0,2877.0,2908.0,2858.33
Vratsa,(75-79),Total,7096.0,7377.0,7537.0,7336.67
Vratsa,(80-84),Female,3350.0,3160.0,3114.0,3208.0
Vratsa,(80-84),Male,1886.0,1813.0,1750.0,1816.33
Vratsa,(80-84),Total,5236.0,4973.0,4864.0,5024.33
Vratsa,(85-89),Female,1867.0,1901.0,1849.0,1872.33
Vratsa,(85-89),Male,982.0,963.0,949.0,964.67
Vratsa,(85-89),Total,2849.0,2864.0,2798.0,2837.0
Vratsa,(90+),Female,646.0,653.0,669.0,656.0
Vratsa,(90+),Male,245.0,241.0,240.0,242.0
Vratsa,(90+),Total,891.0,894.0,909.0,898.0
Gabrovo,(0-4),Female,1809.0,1817.0,1845.0,1823.67
Gabrovo,(0-4),Male,1993.0,1974.0,1943.0,1970.0
Gabrovo,(0-4),Total,3802.0,3791.0,3788.0,3793.67
Gabrovo,(10-14),Female,2140.0,2165.0,2161.0,2155.33
Gabrovo,(10-14),Male,2238.0,2291.0,2280.0,2269.67
Gabrovo,(10-14),Total,4378.0,4456.0,4441.0,4425.0
Gabrovo,(15-19),Female,2040.0,1990.0,1967.0,1999.0
Gabrovo,(15-19),Male,2150.0,2149.0,2106.0,2135.0
Gabrovo,(15-19),Total,4190.0,4139.0,4073.0,4134.0
Gabrovo,(20-24),Female,1751.0,1652.0,1587.0,1663.33
Gabrovo,(20-24),Male,2100.0,1800.0,1717.0,1872.33
Gabrovo,(20-24),Total,3851.0,3452.0,3304.0,3535.67
Gabrovo,(25-29),Female,2374.0,2246.0,2049.0,2223.0
Gabrovo,(25-29),Male,3092.0,2918.0,2671.0,2893.67
Gabrovo,(25-29),Total,5466.0,5164.0,4720.0,5116.67
Gabrovo,(30-34),Female,2682.0,2622.0,2597.0,2633.67
Gabrovo,(30-34),Male,3196.0,3174.0,3120.0,3163.33
Gabrovo,(30-34),Total,5878.0,5796.0,5717.0,5797.0
Gabrovo,(35-39),Female,3146.0,2964.0,2804.0,2971.33
Gabrovo,(35-39),Male,3552.0,3372.0,3257.0,3393.67
Gabrovo,(35-39),Total,6698.0,6336.0,6061.0,6365.0
Gabrovo,(40-44),Female,3965.0,3896.0,3710.0,3857.0
Gabrovo,(40-44),Male,4305.0,4207.0,4016.0,4176.0
Gabrovo,(40-44),Total,8270.0,8103.0,7726.0,8033.0
Gabrovo,(45-49),Female,3921.0,3899.0,3913.0,3911.0
Gabrovo,(45-49),Male,4194.0,4185.0,4185.0,4188.0
Gabrovo,(45-49),Total,8115.0,8084.0,8098.0,8099.0
Gabrovo,(5-9),Female,2174.0,2141.0,2061.0,2125.33
Gabrovo,(5-9),Male,2278.0,2206.0,2187.0,2223.67
Gabrovo,(5-9),Total,4452.0,4347.0,4248.0,4349.0
Gabrovo,(50-54),Female,3799.0,3758.0,3782.0,3779.67
Gabrovo,(50-54),Male,3812.0,3811.0,3866.0,3829.67
Gabrovo,(50-54),Total,7611.0,7569.0,7648.0,7609.33
Gabrovo,(55-59),Female,4063.0,4071.0,4014.0,4049.33
Gabrovo,(55-59),Male,3895.0,3895.0,3899.0,3896.33
Gabrovo,(55-59),Total,7958.0,7966.0,7913.0,7945.67
Gabrovo,(60-64),Female,4451.0,4274.0,4123.0,4282.67
Gabrovo,(60-64),Male,3993.0,3886.0,3774.0,3884.33
Gabrovo,(60-64),Total,8444.0,8160.0,7897.0,8167.0
Gabrovo,(65-69),Female,5392.0,5176.0,4859.0,5142.33
Gabrovo,(65-69),Male,4069.0,3931.0,3733.0,3911.0
Gabrovo,(65-69),Total,9461.0,9107.0,8592.0,9053.33
Gabrovo,(70-74),Female,4940.0,5103.0,5309.0,5117.33
Gabrovo,(70-74),Male,3499.0,3544.0,3636.0,3559.67
Gabrovo,(70-74),Total,8439.0,8647.0,8945.0,8677.0
Gabrovo,(75-79),Female,3658.0,3655.0,3708.0,3673.67
Gabrovo,(75-79),Male,2322.0,2333.0,2357.0,2337.33
Gabrovo,(75-79),Total,5980.0,5988.0,6065.0,6011.0
Gabrovo,(80-84),Female,2784.0,2747.0,2683.0,2738.0
Gabrovo,(80-84),Male,1580.0,1529.0,1509.0,1539.33
Gabrovo,(80-84),Total,4364.0,4276.0,4192.0,4277.33
Gabrovo,(85-89),Female,1390.0,1505.0,1596.0,1497.0
Gabrovo,(85-89),Male,760.0,790.0,815.0,788.33
Gabrovo,(85-89),Total,2150.0,2295.0,2411.0,2285.33
Gabrovo,(90+),Female,532.0,510.0,532.0,524.67
Gabrovo,(90+),Male,215.0,218.0,227.0,220.0
Gabrovo,(90+),Total,747.0,728.0,759.0,744.67
Dobrich,(0-4),Female,3640.0,3516.0,3436.0,3530.67
Dobrich,(0-4),Male,3805.0,3703.0,3618.0,3708.67
Dobrich,(0-4),Total,7445.0,7219.0,7054.0,7239.33
Dobrich,(10-14),Female,4284.0,4302.0,4359.0,4315.0
Dobrich,(10-14),Male,4507.0,4624.0,4669.0,4600.0
Dobrich,(10-14),Total,8791.0,8926.0,9028.0,8915.0
Dobrich,(15-19),Female,4027.0,4067.0,4039.0,4044.33
Dobrich,(15-19),Male,4238.0,4261.0,4264.0,4254.33
Dobrich,(15-19),Total,8265.0,8328.0,8303.0,8298.67
Dobrich,(20-24),Female,3842.0,3560.0,3457.0,3619.67
Dobrich,(20-24),Male,4012.0,3686.0,3588.0,3762.0
Dobrich,(20-24),Total,7854.0,7246.0,7045.0,7381.67
Dobrich,(25-29),Female,4604.0,4438.0,4202.0,4414.67
Dobrich,(25-29),Male,5183.0,4961.0,4618.0,4920.67
Dobrich,(25-29),Total,9787.0,9399.0,8820.0,9335.33
Dobrich,(30-34),Female,5146.0,5003.0,4942.0,5030.33
Dobrich,(30-34),Male,5723.0,5665.0,5584.0,5657.33
Dobrich,(30-34),Total,10869.0,10668.0,10526.0,10687.67
Dobrich,(35-39),Female,5386.0,5301.0,5118.0,5268.33
Dobrich,(35-39),Male,5871.0,5735.0,5564.0,5723.33
Dobrich,(35-39),Total,11257.0,11036.0,10682.0,10991.67
Dobrich,(40-44),Female,6579.0,6379.0,6067.0,6341.67
Dobrich,(40-44),Male,6942.0,6656.0,6371.0,6656.33
Dobrich,(40-44),Total,13521.0,13035.0,12438.0,12998.0
Dobrich,(45-49),Female,6787.0,6656.0,6641.0,6694.67
Dobrich,(45-49),Male,7020.0,6946.0,6893.0,6953.0
Dobrich,(45-49),Total,13807.0,13602.0,13534.0,13647.67
Dobrich,(5-9),Female,4192.0,4125.0,4001.0,4106.0
Dobrich,(5-9),Male,4546.0,4359.0,4193.0,4366.0
Dobrich,(5-9),Total,8738.0,8484.0,8194.0,8472.0
Dobrich,(50-54),Female,6015.0,6092.0,6247.0,6118.0
Dobrich,(50-54),Male,6279.0,6275.0,6464.0,6339.33
Dobrich,(50-54),Total,12294.0,12367.0,12711.0,12457.33
Dobrich,(55-59),Female,6640.0,6540.0,6460.0,6546.67
Dobrich,(55-59),Male,6181.0,6294.0,6294.0,6256.33
Dobrich,(55-59),Total,12821.0,12834.0,12754.0,12803.0
Dobrich,(60-64),Female,6840.0,6689.0,6525.0,6684.67
Dobrich,(60-64),Male,5971.0,5785.0,5712.0,5822.67
Dobrich,(60-64),Total,12811.0,12474.0,12237.0,12507.33
Dobrich,(65-69),Female,7349.0,7227.0,7035.0,7203.67
Dobrich,(65-69),Male,5791.0,5663.0,5468.0,5640.67
Dobrich,(65-69),Total,13140.0,12890.0,12503.0,12844.33
Dobrich,(70-74),Female,6063.0,6212.0,6525.0,6266.67
Dobrich,(70-74),Male,4223.0,4375.0,4560.0,4386.0
Dobrich,(70-74),Total,10286.0,10587.0,11085.0,10652.67
Dobrich,(75-79),Female,4356.0,4564.0,4666.0,4528.67
Dobrich,(75-79),Male,2756.0,2770.0,2845.0,2790.33
Dobrich,(75-79),Total,7112.0,7334.0,7511.0,7319.0
Dobrich,(80-84),Female,2784.0,2809.0,2763.0,2785.33
Dobrich,(80-84),Male,1649.0,1630.0,1601.0,1626.67
Dobrich,(80-84),Total,4433.0,4439.0,4364.0,4412.0
Dobrich,(85-89),Female,1398.0,1406.0,1451.0,1418.33
Dobrich,(85-89),Male,824.0,849.0,808.0,827.0
Dobrich,(85-89),Total,2222.0,2255.0,2259.0,2245.33
Dobrich,(90+),Female,474.0,469.0,497.0,480.0
Dobrich,(90+),Male,218.0,239.0,264.0,240.33
Dobrich,(90+),Total,692.0,708.0,761.0,720.33
Kardzhali,(0-4),Female,3410.0,3610.0,3810.0,3610.0
Kardzhali,(0-4),Male,3742.0,3950.0,4177.0,3956.33
Kardzhali,(0-4),Total,7152.0,7560.0,7987.0,7566.33
Kardzhali,(10-14),Female,3448.0,3557.0,3601.0,3535.33
Kardzhali,(10-14),Male,3612.0,3681.0,3744.0,3679.0
Kardzhali,(10-14),Total,7060.0,7238.0,7345.0,7214.33
Kardzhali,(15-19),Female,3111.0,3161.0,3202.0,3158.0
Kardzhali,(15-19),Male,3346.0,3366.0,3385.0,3365.67
Kardzhali,(15-19),Total,6457.0,6527.0,6587.0,6523.67
Kardzhali,(20-24),Female,3034.0,2701.0,2592.0,2775.67
Kardzhali,(20-24),Male,3210.0,2899.0,2737.0,2948.67
Kardzhali,(20-24),Total,6244.0,5600.0,5329.0,5724.33
Kardzhali,(25-29),Female,4251.0,4238.0,4135.0,4208.0
Kardzhali,(25-29),Male,4466.0,4236.0,3936.0,4212.67
Kardzhali,(25-29),Total,8717.0,8474.0,8071.0,8420.67
Kardzhali,(30-34),Female,4989.0,5149.0,5400.0,5179.33
Kardzhali,(30-34),Male,4996.0,4978.0,4977.0,4983.67
Kardzhali,(30-34),Total,9985.0,10127.0,10377.0,10163.0
Kardzhali,(35-39),Female,5474.0,5639.0,5730.0,5614.33
Kardzhali,(35-39),Male,5919.0,5779.0,5686.0,5794.67
Kardzhali,(35-39),Total,11393.0,11418.0,11416.0,11409.0
Kardzhali,(40-44),Female,5180.0,5338.0,5550.0,5356.0
Kardzhali,(40-44),Male,5930.0,6100.0,6321.0,6117.0
Kardzhali,(40-44),Total,11110.0,11438.0,11871.0,11473.0
Kardzhali,(45-49),Female,5208.0,5071.0,5183.0,5154.0
Kardzhali,(45-49),Male,5946.0,5857.0,5956.0,5919.67
Kardzhali,(45-49),Total,11154.0,10928.0,11139.0,11073.67
Kardzhali,(5-9),Female,3542.0,3519.0,3494.0,3518.33
Kardzhali,(5-9),Male,3706.0,3716.0,3779.0,3733.67
Kardzhali,(5-9),Total,7248.0,7235.0,7273.0,7252.0
Kardzhali,(50-54),Female,5396.0,5586.0,5751.0,5577.67
Kardzhali,(50-54),Male,5772.0,5923.0,6115.0,5936.67
Kardzhali,(50-54),Total,11168.0,11509.0,11866.0,11514.33
Kardzhali,(55-59),Female,6014.0,5914.0,6282.0,6070.0
Kardzhali,(55-59),Male,5954.0,5968.0,6464.0,6128.67
Kardzhali,(55-59),Total,11968.0,11882.0,12746.0,12198.67
Kardzhali,(60-64),Female,6301.0,6430.0,6994.0,6575.0
Kardzhali,(60-64),Male,5680.0,5841.0,6429.0,5983.33
Kardzhali,(60-64),Total,11981.0,12271.0,13423.0,12558.33
Kardzhali,(65-69),Female,5339.0,5711.0,6128.0,5726.0
Kardzhali,(65-69),Male,4587.0,4929.0,5495.0,5003.67
Kardzhali,(65-69),Total,9926.0,10640.0,11623.0,10729.67
Kardzhali,(70-74),Female,3834.0,4034.0,4479.0,4115.67
Kardzhali,(70-74),Male,2994.0,3192.0,3669.0,3285.0
Kardzhali,(70-74),Total,6828.0,7226.0,8148.0,7400.67
Kardzhali,(75-79),Female,3582.0,3490.0,3515.0,3529.0
Kardzhali,(75-79),Male,2557.0,2475.0,2527.0,2519.67
Kardzhali,(75-79),Total,6139.0,5965.0,6042.0,6048.67
Kardzhali,(80-84),Female,2504.0,2607.0,2433.0,2514.67
Kardzhali,(80-84),Male,1637.0,1720.0,1653.0,1670.0
Kardzhali,(80-84),Total,4141.0,4327.0,4086.0,4184.67
Kardzhali,(85-89),Female,1125.0,1164.0,1362.0,1217.0
Kardzhali,(85-89),Male,694.0,696.0,836.0,742.0
Kardzhali,(85-89),Total,1819.0,1860.0,2198.0,1959.0
Kardzhali,(90+),Female,413.0,429.0,461.0,434.33
Kardzhali,(90+),Male,210.0,219.0,216.0,215.0
Kardzhali,(90+),Total,623.0,648.0,677.0,649.33
Kyustendil,(0-4),Female,2194.0,2161.0,2149.0,2168.0
Kyustendil,(0-4),Male,2260.0,2250.0,2162.0,2224.0
Kyustendil,(0-4),Total,4454.0,4411.0,4311.0,4392.0
Kyustendil,(10-14),Female,2473.0,2477.0,2482.0,2477.33
Kyustendil,(10-14),Male,2663.0,2643.0,2600.0,2635.33
Kyustendil,(10-14),Total,5136.0,5120.0,5082.0,5112.67
Kyustendil,(15-19),Female,2299.0,2300.0,2258.0,2285.67
Kyustendil,(15-19),Male,2497.0,2511.0,2444.0,2484.0
Kyustendil,(15-19),Total,4796.0,4811.0,4702.0,4769.67
Kyustendil,(20-24),Female,1707.0,1551.0,1478.0,1578.67
Kyustendil,(20-24),Male,2065.0,1820.0,1791.0,1892.0
Kyustendil,(20-24),Total,3772.0,3371.0,3269.0,3470.67
Kyustendil,(25-29),Female,2386.0,2192.0,2033.0,2203.67
Kyustendil,(25-29),Male,2784.0,2723.0,2545.0,2684.0
Kyustendil,(25-29),Total,5170.0,4915.0,4578.0,4887.67
Kyustendil,(30-34),Female,3013.0,2925.0,2803.0,2913.67
Kyustendil,(30-34),Male,3522.0,3379.0,3276.0,3392.33
Kyustendil,(30-34),Total,6535.0,6304.0,6079.0,6306.0
Kyustendil,(35-39),Female,3570.0,3426.0,3218.0,3404.67
Kyustendil,(35-39),Male,4069.0,4006.0,3825.0,3966.67
Kyustendil,(35-39),Total,7639.0,7432.0,7043.0,7371.33
Kyustendil,(40-44),Female,4305.0,4169.0,3976.0,4150.0
Kyustendil,(40-44),Male,4623.0,4577.0,4510.0,4570.0
Kyustendil,(40-44),Total,8928.0,8746.0,8486.0,8720.0
Kyustendil,(45-49),Female,4546.0,4415.0,4323.0,4428.0
Kyustendil,(45-49),Male,4878.0,4774.0,4723.0,4791.67
Kyustendil,(45-49),Total,9424.0,9189.0,9046.0,9219.67
Kyustendil,(5-9),Female,2397.0,2336.0,2290.0,2341.0
Kyustendil,(5-9),Male,2545.0,2484.0,2502.0,2510.33
Kyustendil,(5-9),Total,4942.0,4820.0,4792.0,4851.33
Kyustendil,(50-54),Female,4316.0,4313.0,4421.0,4350.0
Kyustendil,(50-54),Male,4554.0,4610.0,4639.0,4601.0
Kyustendil,(50-54),Total,8870.0,8923.0,9060.0,8951.0
Kyustendil,(55-59),Female,4690.0,4627.0,4522.0,4613.0
Kyustendil,(55-59),Male,4649.0,4565.0,4637.0,4617.0
Kyustendil,(55-59),Total,9339.0,9192.0,9159.0,9230.0
Kyustendil,(60-64),Female,5086.0,4942.0,4761.0,4929.67
Kyustendil,(60-64),Male,4486.0,4383.0,4208.0,4359.0
Kyustendil,(60-64),Total,9572.0,9325.0,8969.0,9288.67
Kyustendil,(65-69),Female,5430.0,5312.0,5160.0,5300.67
Kyustendil,(65-69),Male,4431.0,4398.0,4213.0,4347.33
Kyustendil,(65-69),Total,9861.0,9710.0,9373.0,9648.0
Kyustendil,(70-74),Female,5019.0,5032.0,5219.0,5090.0
Kyustendil,(70-74),Male,3619.0,3633.0,3772.0,3674.67
Kyustendil,(70-74),Total,8638.0,8665.0,8991.0,8764.67
Kyustendil,(75-79),Female,3807.0,3860.0,3850.0,3839.0
Kyustendil,(75-79),Male,2419.0,2456.0,2410.0,2428.33
Kyustendil,(75-79),Total,6226.0,6316.0,6260.0,6267.33
Kyustendil,(80-84),Female,2908.0,2889.0,2793.0,2863.33
Kyustendil,(80-84),Male,1688.0,1646.0,1584.0,1639.33
Kyustendil,(80-84),Total,4596.0,4535.0,4377.0,4502.67
Kyustendil,(85-89),Female,1569.0,1594.0,1649.0,1604.0
Kyustendil,(85-89),Male,842.0,846.0,847.0,845.0
Kyustendil,(85-89),Total,2411.0,2440.0,2496.0,2449.0
Kyustendil,(90+),Female,565.0,576.0,608.0,583.0
Kyustendil,(90+),Male,225.0,240.0,234.0,233.0
Kyustendil,(90+),Total,790.0,816.0,842.0,816.0
Lovech,(0-4),Female,2483.0,2552.0,2480.0,2505.0
Lovech,(0-4),Male,2598.0,2615.0,2596.0,2603.0
Lovech,(0-4),Total,5081.0,5167.0,5076.0,5108.0
Lovech,(10-14),Female,2882.0,2896.0,2917.0,2898.33
Lovech,(10-14),Male,3047.0,3002.0,3004.0,3017.67
Lovech,(10-14),Total,5929.0,5898.0,5921.0,5916.0
Lovech,(15-19),Female,2847.0,2806.0,2751.0,2801.33
Lovech,(15-19),Male,3023.0,3014.0,2944.0,2993.67
Lovech,(15-19),Total,5870.0,5820.0,5695.0,5795.0
Lovech,(20-24),Female,2263.0,2145.0,2053.0,2153.67
Lovech,(20-24),Male,2530.0,2344.0,2244.0,2372.67
Lovech,(20-24),Total,4793.0,4489.0,4297.0,4526.33
Lovech,(25-29),Female,2793.0,2735.0,2599.0,2709.0
Lovech,(25-29),Male,3226.0,3133.0,3006.0,3121.67
Lovech,(25-29),Total,6019.0,5868.0,5605.0,5830.67
Lovech,(30-34),Female,3090.0,3013.0,2947.0,3016.67
Lovech,(30-34),Male,3468.0,3447.0,3372.0,3429.0
Lovech,(30-34),Total,6558.0,6460.0,6319.0,6445.67
Lovech,(35-39),Female,3416.0,3185.0,3088.0,3229.67
Lovech,(35-39),Male,3866.0,3657.0,3529.0,3684.0
Lovech,(35-39),Total,7282.0,6842.0,6617.0,6913.67
Lovech,(40-44),Female,4258.0,4127.0,3893.0,4092.67
Lovech,(40-44),Male,4694.0,4551.0,4337.0,4527.33
Lovech,(40-44),Total,8952.0,8678.0,8230.0,8620.0
Lovech,(45-49),Female,4531.0,4454.0,4412.0,4465.67
Lovech,(45-49),Male,5038.0,4956.0,4856.0,4950.0
Lovech,(45-49),Total,9569.0,9410.0,9268.0,9415.67
Lovech,(5-9),Female,2896.0,2779.0,2699.0,2791.33
Lovech,(5-9),Male,2975.0,2905.0,2820.0,2900.0
Lovech,(5-9),Total,5871.0,5684.0,5519.0,5691.33
Lovech,(50-54),Female,4294.0,4346.0,4415.0,4351.67
Lovech,(50-54),Male,4501.0,4540.0,4641.0,4560.67
Lovech,(50-54),Total,8795.0,8886.0,9056.0,8912.33
Lovech,(55-59),Female,4464.0,4453.0,4360.0,4425.67
Lovech,(55-59),Male,4666.0,4616.0,4601.0,4627.67
Lovech,(55-59),Total,9130.0,9069.0,8961.0,9053.33
Lovech,(60-64),Female,4834.0,4655.0,4565.0,4684.67
Lovech,(60-64),Male,4445.0,4434.0,4299.0,4392.67
Lovech,(60-64),Total,9279.0,9089.0,8864.0,9077.33
Lovech,(65-69),Female,5618.0,5263.0,4939.0,5273.33
Lovech,(65-69),Male,4432.0,4222.0,4056.0,4236.67
Lovech,(65-69),Total,10050.0,9485.0,8995.0,9510.0
Lovech,(70-74),Female,5271.0,5496.0,5671.0,5479.33
Lovech,(70-74),Male,3745.0,3821.0,3860.0,3808.67
Lovech,(70-74),Total,9016.0,9317.0,9531.0,9288.0
Lovech,(75-79),Female,3952.0,3907.0,3895.0,3918.0
Lovech,(75-79),Male,2537.0,2514.0,2492.0,2514.33
Lovech,(75-79),Total,6489.0,6421.0,6387.0,6432.33
Lovech,(80-84),Female,3045.0,2991.0,2901.0,2979.0
Lovech,(80-84),Male,1937.0,1848.0,1742.0,1842.33
Lovech,(80-84),Total,4982.0,4839.0,4643.0,4821.33
Lovech,(85-89),Female,1579.0,1685.0,1743.0,1669.0
Lovech,(85-89),Male,896.0,957.0,974.0,942.33
Lovech,(85-89),Total,2475.0,2642.0,2717.0,2611.33
Lovech,(90+),Female,539.0,549.0,560.0,549.33
Lovech,(90+),Male,282.0,260.0,285.0,275.67
Lovech,(90+),Total,821.0,809.0,845.0,825.0
Montana,(0-4),Female,2669.0,2629.0,2513.0,2603.67
Montana,(0-4),Male,2901.0,2769.0,2640.0,2770.0
Montana,(0-4),Total,5570.0,5398.0,5153.0,5373.67
Montana,(10-14),Female,2938.0,2859.0,2921.0,2906.0
Montana,(10-14),Male,3116.0,3170.0,3206.0,3164.0
Montana,(10-14),Total,6054.0,6029.0,6127.0,6070.0
Montana,(15-19),Female,3100.0,3134.0,2961.0,3065.0
Montana,(15-19),Male,3272.0,3171.0,3084.0,3175.67
Montana,(15-19),Total,6372.0,6305.0,6045.0,6240.67
Montana,(20-24),Female,2579.0,2406.0,2325.0,2436.67
Montana,(20-24),Male,2850.0,2629.0,2533.0,2670.67
Montana,(20-24),Total,5429.0,5035.0,4858.0,5107.33
Montana,(25-29),Female,3068.0,3005.0,2885.0,2986.0
Montana,(25-29),Male,3436.0,3320.0,3170.0,3308.67
Montana,(25-29),Total,6504.0,6325.0,6055.0,6294.67
Montana,(30-34),Female,3311.0,3231.0,3159.0,3233.67
Montana,(30-34),Male,3787.0,3667.0,3589.0,3681.0
Montana,(30-34),Total,7098.0,6898.0,6748.0,6914.67
Montana,(35-39),Female,3556.0,3450.0,3319.0,3441.67
Montana,(35-39),Male,4101.0,4004.0,3802.0,3969.0
Montana,(35-39),Total,7657.0,7454.0,7121.0,7410.67
Montana,(40-44),Female,4415.0,4197.0,4033.0,4215.0
Montana,(40-44),Male,4725.0,4571.0,4417.0,4571.0
Montana,(40-44),Total,9140.0,8768.0,8450.0,8786.0
Montana,(45-49),Female,4635.0,4582.0,4501.0,4572.67
Montana,(45-49),Male,5066.0,5017.0,4952.0,5011.67
Montana,(45-49),Total,9701.0,9599.0,9453.0,9584.33
Montana,(5-9),Female,3001.0,2986.0,2886.0,2957.67
Montana,(5-9),Male,3167.0,3173.0,3129.0,3156.33
Montana,(5-9),Total,6168.0,6159.0,6015.0,6114.0
Montana,(50-54),Female,4230.0,4281.0,4294.0,4268.33
Montana,(50-54),Male,4623.0,4588.0,4636.0,4615.67
Montana,(50-54),Total,8853.0,8869.0,8930.0,8884.0
Montana,(55-59),Female,4614.0,4522.0,4493.0,4543.0
Montana,(55-59),Male,4802.0,4759.0,4699.0,4753.33
Montana,(55-59),Total,9416.0,9281.0,9192.0,9296.33
Montana,(60-64),Female,5014.0,4831.0,4665.0,4836.67
Montana,(60-64),Male,4812.0,4653.0,4529.0,4664.67
Montana,(60-64),Total,9826.0,9484.0,9194.0,9501.33
Montana,(65-69),Female,5827.0,5508.0,5224.0,5519.67
Montana,(65-69),Male,4880.0,4685.0,4505.0,4690.0
Montana,(65-69),Total,10707.0,10193.0,9729.0,10209.67
Montana,(70-74),Female,5372.0,5498.0,5619.0,5496.33
Montana,(70-74),Male,3804.0,3923.0,4066.0,3931.0
Montana,(70-74),Total,9176.0,9421.0,9685.0,9427.33
Montana,(75-79),Female,3986.0,4039.0,3942.0,3989.0
Montana,(75-79),Male,2392.0,2430.0,2464.0,2428.67
Montana,(75-79),Total,6378.0,6469.0,6406.0,6417.67
Montana,(80-84),Female,3060.0,2980.0,2962.0,3000.67
Montana,(80-84),Male,1777.0,1665.0,1557.0,1666.33
Montana,(80-84),Total,4837.0,4645.0,4519.0,4667.0
Montana,(85-89),Female,1596.0,1597.0,1641.0,1611.33
Montana,(85-89),Male,887.0,864.0,884.0,878.33
Montana,(85-89),Total,2483.0,2461.0,2525.0,2489.67
Montana,(90+),Female,565.0,568.0,537.0,556.67
Montana,(90+),Male,280.0,276.0,259.0,271.67
Montana,(90+),Total,845.0,844.0,796.0,828.33
Pazardzhik,(0-4),Female,5977.0,5961.0,5749.0,5895.67
Pazardzhik,(0-4),Male,6285.0,6245.0,6176.0,6235.33
Pazardzhik,(0-4),Total,12262.0,12206.0,11925.0,12131.0
Pazardzhik,(10-14),Female,6306.0,6357.0,6410.0,6357.67
Pazardzhik,(10-14),Male,6726.0,6805.0,6853.0,6794.67
Pazardzhik,(10-14),Total,13032.0,13162.0,13263.0,13152.33
Pazardzhik,(15-19),Female,6052.0,6032.0,6000.0,6028.0
Pazardzhik,(15-19),Male,6607.0,6640.0,6532.0,6593.0
Pazardzhik,(15-19),Total,12659.0,12672.0,12532.0,12621.0
Pazardzhik,(20-24),Female,5311.0,5007.0,4905.0,5074.33
Pazardzhik,(20-24),Male,5853.0,5442.0,5354.0,5549.67
Pazardzhik,(20-24),Total,11164.0,10449.0,10259.0,10624.0
Pazardzhik,(25-29),Female,7139.0,6823.0,6377.0,6779.67
Pazardzhik,(25-29),Male,7724.0,7257.0,6825.0,7268.67
Pazardzhik,(25-29),Total,14863.0,14080.0,13202.0,14048.33
Pazardzhik,(30-34),Female,7920.0,7770.0,7700.0,7796.67
Pazardzhik,(30-34),Male,8877.0,8760.0,8483.0,8706.67
Pazardzhik,(30-34),Total,16797.0,16530.0,16183.0,16503.33
Pazardzhik,(35-39),Female,8058.0,8078.0,7835.0,7990.33
Pazardzhik,(35-39),Male,9227.0,9069.0,8907.0,9067.67
Pazardzhik,(35-39),Total,17285.0,17147.0,16742.0,17058.0
Pazardzhik,(40-44),Female,8677.0,8454.0,8333.0,8488.0
Pazardzhik,(40-44),Male,9580.0,9441.0,9358.0,9459.67
Pazardzhik,(40-44),Total,18257.0,17895.0,17691.0,17947.67
Pazardzhik,(45-49),Female,9481.0,9184.0,8898.0,9187.67
Pazardzhik,(45-49),Male,9835.0,9653.0,9504.0,9664.0
Pazardzhik,(45-49),Total,19316.0,18837.0,18402.0,18851.67
Pazardzhik,(5-9),Female,6480.0,6378.0,6372.0,6410.0
Pazardzhik,(5-9),Male,6954.0,6872.0,6699.0,6841.67
Pazardzhik,(5-9),Total,13434.0,13250.0,13071.0,13251.67
Pazardzhik,(50-54),Female,9087.0,9153.0,9202.0,9147.33
Pazardzhik,(50-54),Male,9334.0,9344.0,9418.0,9365.33
Pazardzhik,(50-54),Total,18421.0,18497.0,18620.0,18512.67
Pazardzhik,(55-59),Female,9995.0,9821.0,9662.0,9826.0
Pazardzhik,(55-59),Male,9988.0,9844.0,9549.0,9793.67
Pazardzhik,(55-59),Total,19983.0,19665.0,19211.0,19619.67
Pazardzhik,(60-64),Female,9648.0,9744.0,9886.0,9759.33
Pazardzhik,(60-64),Male,8712.0,8822.0,9081.0,8871.67
Pazardzhik,(60-64),Total,18360.0,18566.0,18967.0,18631.0
Pazardzhik,(65-69),Female,9318.0,9227.0,8972.0,9172.33
Pazardzhik,(65-69),Male,7373.0,7390.0,7205.0,7322.67
Pazardzhik,(65-69),Total,16691.0,16617.0,16177.0,16495.0
Pazardzhik,(70-74),Female,8116.0,8293.0,8585.0,8331.33
Pazardzhik,(70-74),Male,5592.0,5681.0,5998.0,5757.0
Pazardzhik,(70-74),Total,13708.0,13974.0,14583.0,14088.33
Pazardzhik,(75-79),Female,6342.0,6419.0,6350.0,6370.33
Pazardzhik,(75-79),Male,3786.0,3858.0,3804.0,3816.0
Pazardzhik,(75-79),Total,10128.0,10277.0,10154.0,10186.33
Pazardzhik,(80-84),Female,4590.0,4514.0,4492.0,4532.0
Pazardzhik,(80-84),Male,2597.0,2482.0,2403.0,2494.0
Pazardzhik,(80-84),Total,7187.0,6996.0,6895.0,7026.0
Pazardzhik,(85-89),Female,2241.0,2330.0,2480.0,2350.33
Pazardzhik,(85-89),Male,1100.0,1178.0,1228.0,1168.67
Pazardzhik,(85-89),Total,3341.0,3508.0,3708.0,3519.0
Pazardzhik,(90+),Female,773.0,831.0,853.0,819.0
Pazardzhik,(90+),Male,304.0,320.0,338.0,320.67
Pazardzhik,(90+),Total,1077.0,1151.0,1191.0,1139.67
Pernik,(0-4),Female,2269.0,2265.0,2242.0,2258.67
Pernik,(0-4),Male,2439.0,2468.0,2409.0,2438.67
Pernik,(0-4),Total,4708.0,4733.0,4651.0,4697.33
Pernik,(10-14),Female,2368.0,2456.0,2552.0,2458.67
Pernik,(10-14),Male,2552.0,2608.0,2691.0,2617.0
Pernik,(10-14),Total,4920.0,5064.0,5243.0,5075.67
Pernik,(15-19),Female,2253.0,2150.0,2087.0,2163.33
Pernik,(15-19),Male,2452.0,2450.0,2385.0,2429.0
Pernik,(15-19),Total,4705.0,4600.0,4472.0,4592.33
Pernik,(20-24),Female,1896.0,1777.0,1799.0,1824.0
Pernik,(20-24),Male,2202.0,2040.0,2014.0,2085.33
Pernik,(20-24),Total,4098.0,3817.0,3813.0,3909.33
Pernik,(25-29),Female,2541.0,2437.0,2321.0,2433.0
Pernik,(25-29),Male,2969.0,2771.0,2659.0,2799.67
Pernik,(25-29),Total,5510.0,5208.0,4980.0,5232.67
Pernik,(30-34),Female,3562.0,3474.0,3269.0,3435.0
Pernik,(30-34),Male,3935.0,3806.0,3609.0,3783.33
Pernik,(30-34),Total,7497.0,7280.0,6878.0,7218.33
Pernik,(35-39),Female,4073.0,3929.0,3844.0,3948.67
Pernik,(35-39),Male,4675.0,4531.0,4380.0,4528.67
Pernik,(35-39),Total,8748.0,8460.0,8224.0,8477.33
Pernik,(40-44),Female,4633.0,4548.0,4400.0,4527.0
Pernik,(40-44),Male,4936.0,4955.0,4865.0,4918.67
Pernik,(40-44),Total,9569.0,9503.0,9265.0,9445.67
Pernik,(45-49),Female,4404.0,4346.0,4387.0,4379.0
Pernik,(45-49),Male,4754.0,4732.0,4725.0,4737.0
Pernik,(45-49),Total,9158.0,9078.0,9112.0,9116.0
Pernik,(5-9),Female,2513.0,2487.0,2355.0,2451.67
Pernik,(5-9),Male,2777.0,2691.0,2613.0,2693.67
Pernik,(5-9),Total,5290.0,5178.0,4968.0,5145.33
Pernik,(50-54),Female,4283.0,4313.0,4292.0,4296.0
Pernik,(50-54),Male,4393.0,4427.0,4499.0,4439.67
Pernik,(50-54),Total,8676.0,8740.0,8791.0,8735.67
Pernik,(55-59),Female,4901.0,4786.0,4733.0,4806.67
Pernik,(55-59),Male,4700.0,4528.0,4412.0,4546.67
Pernik,(55-59),Total,9601.0,9314.0,9145.0,9353.33
Pernik,(60-64),Female,4973.0,4992.0,4936.0,4967.0
Pernik,(60-64),Male,4490.0,4469.0,4438.0,4465.67
Pernik,(60-64),Total,9463.0,9461.0,9374.0,9432.67
Pernik,(65-69),Female,5140.0,5005.0,4785.0,4976.67
Pernik,(65-69),Male,4126.0,4098.0,3923.0,4049.0
Pernik,(65-69),Total,9266.0,9103.0,8708.0,9025.67
Pernik,(70-74),Female,4561.0,4624.0,4716.0,4633.67
Pernik,(70-74),Male,3231.0,3246.0,3358.0,3278.33
Pernik,(70-74),Total,7792.0,7870.0,8074.0,7912.0
Pernik,(75-79),Female,3561.0,3574.0,3583.0,3572.67
Pernik,(75-79),Male,2252.0,2229.0,2197.0,2226.0
Pernik,(75-79),Total,5813.0,5803.0,5780.0,5798.67
Pernik,(80-84),Female,2920.0,2888.0,2808.0,2872.0
Pernik,(80-84),Male,1665.0,1622.0,1555.0,1614.0
Pernik,(80-84),Total,4585.0,4510.0,4363.0,4486.0
Pernik,(85-89),Female,1466.0,1509.0,1614.0,1529.67
Pernik,(85-89),Male,834.0,874.0,912.0,873.33
Pernik,(85-89),Total,2300.0,2383.0,2526.0,2403.0
Pernik,(90+),Female,458.0,496.0,535.0,496.33
Pernik,(90+),Male,264.0,279.0,288.0,277.0
Pernik,(90+),Total,722.0,775.0,823.0,773.33
Pleven,(0-4),Female,5243.0,5169.0,5085.0,5165.67
Pleven,(0-4),Male,5634.0,5500.0,5336.0,5490.0
Pleven,(0-4),Total,10877.0,10669.0,10421.0,10655.67
Pleven,(10-14),Female,5559.0,5671.0,5690.0,5640.0
Pleven,(10-14),Male,5844.0,5928.0,5860.0,5877.33
Pleven,(10-14),Total,11403.0,11599.0,11550.0,11517.33
Pleven,(15-19),Female,5385.0,5430.0,5387.0,5400.67
Pleven,(15-19),Male,5619.0,5592.0,5590.0,5600.33
Pleven,(15-19),Total,11004.0,11022.0,10977.0,11001.0
Pleven,(20-24),Female,4980.0,4686.0,4568.0,4744.67
Pleven,(20-24),Male,5129.0,4812.0,4657.0,4866.0
Pleven,(20-24),Total,10109.0,9498.0,9225.0,9610.67
Pleven,(25-29),Female,5794.0,5636.0,5447.0,5625.67
Pleven,(25-29),Male,6570.0,6278.0,5860.0,6236.0
Pleven,(25-29),Total,12364.0,11914.0,11307.0,11861.67
Pleven,(30-34),Female,6500.0,6374.0,6221.0,6365.0
Pleven,(30-34),Male,7168.0,7055.0,6851.0,7024.67
Pleven,(30-34),Total,13668.0,13429.0,13072.0,13389.67
Pleven,(35-39),Female,6713.0,6489.0,6291.0,6497.67
Pleven,(35-39),Male,7559.0,7268.0,7024.0,7283.67
Pleven,(35-39),Total,14272.0,13757.0,13315.0,13781.33
Pleven,(40-44),Female,8054.0,7791.0,7394.0,7746.33
Pleven,(40-44),Male,8664.0,8432.0,8146.0,8414.0
Pleven,(40-44),Total,16718.0,16223.0,15540.0,16160.33
Pleven,(45-49),Female,8467.0,8324.0,8189.0,8326.67
Pleven,(45-49),Male,9270.0,9067.0,8881.0,9072.67
Pleven,(45-49),Total,17737.0,17391.0,17070.0,17399.33
Pleven,(5-9),Female,5628.0,5452.0,5339.0,5473.0
Pleven,(5-9),Male,5857.0,5684.0,5640.0,5727.0
Pleven,(5-9),Total,11485.0,11136.0,10979.0,11200.0
Pleven,(50-54),Female,7827.0,7942.0,8079.0,7949.33
Pleven,(50-54),Male,8210.0,8197.0,8388.0,8265.0
Pleven,(50-54),Total,16037.0,16139.0,16467.0,16214.33
Pleven,(55-59),Female,8695.0,8397.0,8125.0,8405.67
Pleven,(55-59),Male,8808.0,8642.0,8418.0,8622.67
Pleven,(55-59),Total,17503.0,17039.0,16543.0,17028.33
Pleven,(60-64),Female,9445.0,9258.0,9167.0,9290.0
Pleven,(60-64),Male,8898.0,8745.0,8670.0,8771.0
Pleven,(60-64),Total,18343.0,18003.0,17837.0,18061.0
Pleven,(65-69),Female,10503.0,10008.0,9504.0,10005.0
Pleven,(65-69),Male,8898.0,8585.0,8159.0,8547.33
Pleven,(65-69),Total,19401.0,18593.0,17663.0,18552.33
Pleven,(70-74),Female,9770.0,10171.0,10278.0,10073.0
Pleven,(70-74),Male,7263.0,7484.0,7584.0,7443.67
Pleven,(70-74),Total,17033.0,17655.0,17862.0,17516.67
Pleven,(75-79),Female,7231.0,7218.0,7375.0,7274.67
Pleven,(75-79),Male,4424.0,4540.0,4737.0,4567.0
Pleven,(75-79),Total,11655.0,11758.0,12112.0,11841.67
Pleven,(80-84),Female,5476.0,5452.0,5345.0,5424.33
Pleven,(80-84),Male,3242.0,3028.0,2844.0,3038.0
Pleven,(80-84),Total,8718.0,8480.0,8189.0,8462.33
Pleven,(85-89),Female,2892.0,2971.0,3012.0,2958.33
Pleven,(85-89),Male,1487.0,1585.0,1593.0,1555.0
Pleven,(85-89),Total,4379.0,4556.0,4605.0,4513.33
Pleven,(90+),Female,1003.0,1026.0,1080.0,1036.33
Pleven,(90+),Male,500.0,493.0,491.0,494.67
Pleven,(90+),Total,1503.0,1519.0,1571.0,1531.0
Plovdiv,(0-4),Female,15929.0,15983.0,15891.0,15934.33
Plovdiv,(0-4),Male,16776.0,16848.0,16612.0,16745.33
Plovdiv,(0-4),Total,32705.0,32831.0,32503.0,32679.67
Plovdiv,(10-14),Female,15020.0,15358.0,15798.0,15392.0
Plovdiv,(10-14),Male,15817.0,16311.0,16824.0,16317.33
Plovdiv,(10-14),Total,30837.0,31669.0,32622.0,31709.33
Plovdiv,(15-19),Female,14354.0,14594.0,14774.0,14574.0
Plovdiv,(15-19),Male,15289.0,15383.0,15363.0,15345.0
Plovdiv,(15-19),Total,29643.0,29977.0,30137.0,29919.0
Plovdiv,(20-24),Female,15641.0,15144.0,14963.0,15249.33
Plovdiv,(20-24),Male,16459.0,15829.0,15633.0,15973.67
Plovdiv,(20-24),Total,32100.0,30973.0,30596.0,31223.0
Plovdiv,(25-29),Female,21475.0,20440.0,19257.0,20390.67
Plovdiv,(25-29),Male,21563.0,20731.0,19575.0,20623.0
Plovdiv,(25-29),Total,43038.0,41171.0,38832.0,41013.67
Plovdiv,(30-34),Female,23062.0,23286.0,23520.0,23289.33
Plovdiv,(30-34),Male,24003.0,23845.0,23765.0,23871.0
Plovdiv,(30-34),Total,47065.0,47131.0,47285.0,47160.33
Plovdiv,(35-39),Female,23652.0,23278.0,22875.0,23268.33
Plovdiv,(35-39),Male,25270.0,24909.0,24583.0,24920.67
Plovdiv,(35-39),Total,48922.0,48187.0,47458.0,48189.0
Plovdiv,(40-44),Female,25179.0,25336.0,25149.0,25221.33
Plovdiv,(40-44),Male,26251.0,26518.0,26303.0,26357.33
Plovdiv,(40-44),Total,51430.0,51854.0,51452.0,51578.67
Plovdiv,(45-49),Female,23945.0,23859.0,23891.0,23898.33
Plovdiv,(45-49),Male,24599.0,24459.0,24534.0,24530.67
Plovdiv,(45-49),Total,48544.0,48318.0,48425.0,48429.0
Plovdiv,(5-9),Female,16239.0,16269.0,16128.0,16212.0
Plovdiv,(5-9),Male,17559.0,17415.0,17315.0,17429.67
Plovdiv,(5-9),Total,33798.0,33684.0,33443.0,33641.67
Plovdiv,(50-54),Female,22086.0,22320.0,22727.0,22377.67
Plovdiv,(50-54),Male,21293.0,21724.0,22508.0,21841.67
Plovdiv,(50-54),Total,43379.0,44044.0,45235.0,44219.33
Plovdiv,(55-59),Female,23693.0,23383.0,23018.0,23364.67
Plovdiv,(55-59),Male,22137.0,21822.0,21365.0,21774.67
Plovdiv,(55-59),Total,45830.0,45205.0,44383.0,45139.33
Plovdiv,(60-64),Female,23517.0,23571.0,23842.0,23643.33
Plovdiv,(60-64),Male,20675.0,20662.0,20829.0,20722.0
Plovdiv,(60-64),Total,44192.0,44233.0,44671.0,44365.33
Plovdiv,(65-69),Female,24067.0,23718.0,23004.0,23596.33
Plovdiv,(65-69),Male,18377.0,18373.0,17962.0,18237.33
Plovdiv,(65-69),Total,42444.0,42091.0,40966.0,41833.67
Plovdiv,(70-74),Female,20874.0,21470.0,22503.0,21615.67
Plovdiv,(70-74),Male,14426.0,14740.0,15378.0,14848.0
Plovdiv,(70-74),Total,35300.0,36210.0,37881.0,36463.67
Plovdiv,(75-79),Female,16627.0,16546.0,16538.0,16570.33
Plovdiv,(75-79),Male,10111.0,9936.0,9990.0,10012.33
Plovdiv,(75-79),Total,26738.0,26482.0,26528.0,26582.67
Plovdiv,(80-84),Female,13176.0,13015.0,12717.0,12969.33
Plovdiv,(80-84),Male,7045.0,6945.0,6763.0,6917.67
Plovdiv,(80-84),Total,20221.0,19960.0,19480.0,19887.0
Plovdiv,(85-89),Female,6749.0,7117.0,7539.0,7135.0
Plovdiv,(85-89),Male,3453.0,3615.0,3694.0,3587.33
Plovdiv,(85-89),Total,10202.0,10732.0,11233.0,10722.33
Plovdiv,(90+),Female,2353.0,2471.0,2531.0,2451.67
Plovdiv,(90+),Male,1055.0,1111.0,1140.0,1102.0
Plovdiv,(90+),Total,3408.0,3582.0,3671.0,3553.67
Razgrad,(0-4),Female,2368.0,2338.0,2284.0,2330.0
Razgrad,(0-4),Male,2445.0,2488.0,2417.0,2450.0
Razgrad,(0-4),Total,4813.0,4826.0,4701.0,4780.0
Razgrad,(10-14),Female,2610.0,2618.0,2609.0,2612.33
Razgrad,(10-14),Male,2759.0,2766.0,2751.0,2758.67
Razgrad,(10-14),Total,5369.0,5384.0,5360.0,5371.0
Razgrad,(15-19),Female,2680.0,2655.0,2577.0,2637.33
Razgrad,(15-19),Male,2855.0,2865.0,2799.0,2839.67
Razgrad,(15-19),Total,5535.0,5520.0,5376.0,5477.0
Razgrad,(20-24),Female,2541.0,2309.0,2193.0,2347.67
Razgrad,(20-24),Male,2737.0,2529.0,2395.0,2553.67
Razgrad,(20-24),Total,5278.0,4838.0,4588.0,4901.33
Razgrad,(25-29),Female,3037.0,2943.0,2741.0,2907.0
Razgrad,(25-29),Male,3166.0,3045.0,2896.0,3035.67
Razgrad,(25-29),Total,6203.0,5988.0,5637.0,5942.67
Razgrad,(30-34),Female,3190.0,3087.0,2978.0,3085.0
Razgrad,(30-34),Male,3495.0,3384.0,3259.0,3379.33
Razgrad,(30-34),Total,6685.0,6471.0,6237.0,6464.33
Razgrad,(35-39),Female,3558.0,3422.0,3354.0,3444.67
Razgrad,(35-39),Male,3788.0,3713.0,3553.0,3684.67
Razgrad,(35-39),Total,7346.0,7135.0,6907.0,7129.33
Razgrad,(40-44),Female,4089.0,3980.0,3832.0,3967.0
Razgrad,(40-44),Male,4395.0,4240.0,4084.0,4239.67
Razgrad,(40-44),Total,8484.0,8220.0,7916.0,8206.67
Razgrad,(45-49),Female,4388.0,4320.0,4276.0,4328.0
Razgrad,(45-49),Male,4728.0,4692.0,4607.0,4675.67
Razgrad,(45-49),Total,9116.0,9012.0,8883.0,9003.67
Razgrad,(5-9),Female,2618.0,2561.0,2470.0,2549.67
Razgrad,(5-9),Male,2797.0,2659.0,2585.0,2680.33
Razgrad,(5-9),Total,5415.0,5220.0,5055.0,5230.0
Razgrad,(50-54),Female,4084.0,4174.0,4285.0,4181.0
Razgrad,(50-54),Male,4416.0,4415.0,4555.0,4462.0
Razgrad,(50-54),Total,8500.0,8589.0,8840.0,8643.0
Razgrad,(55-59),Female,4309.0,4238.0,4203.0,4250.0
Razgrad,(55-59),Male,4125.0,4170.0,4305.0,4200.0
Razgrad,(55-59),Total,8434.0,8408.0,8508.0,8450.0
Razgrad,(60-64),Female,4465.0,4403.0,4403.0,4423.67
Razgrad,(60-64),Male,4035.0,3978.0,3970.0,3994.33
Razgrad,(60-64),Total,8500.0,8381.0,8373.0,8418.0
Razgrad,(65-69),Female,4542.0,4458.0,4294.0,4431.33
Razgrad,(65-69),Male,3699.0,3631.0,3535.0,3621.67
Razgrad,(65-69),Total,8241.0,8089.0,7829.0,8053.0
Razgrad,(70-74),Female,4089.0,4218.0,4324.0,4210.33
Razgrad,(70-74),Male,2663.0,2812.0,2899.0,2791.33
Razgrad,(70-74),Total,6752.0,7030.0,7223.0,7001.67
Razgrad,(75-79),Female,2829.0,2943.0,3070.0,2947.33
Razgrad,(75-79),Male,1739.0,1758.0,1817.0,1771.33
Razgrad,(75-79),Total,4568.0,4701.0,4887.0,4718.67
Razgrad,(80-84),Female,1791.0,1748.0,1743.0,1760.67
Razgrad,(80-84),Male,1084.0,1047.0,1008.0,1046.33
Razgrad,(80-84),Total,2875.0,2795.0,2751.0,2807.0
Razgrad,(85-89),Female,837.0,836.0,893.0,855.33
Razgrad,(85-89),Male,391.0,421.0,467.0,426.33
Razgrad,(85-89),Total,1228.0,1257.0,1360.0,1281.67
Razgrad,(90+),Female,252.0,264.0,248.0,254.67
Razgrad,(90+),Male,120.0,101.0,110.0,110.33
Razgrad,(90+),Total,372.0,365.0,358.0,365.0
Ruse,(0-4),Female,4223.0,4240.0,4035.0,4166.0
Ruse,(0-4),Male,4739.0,4656.0,4530.0,4641.67
Ruse,(0-4),Total,8962.0,8896.0,8565.0,8807.67
Ruse,(10-14),Female,4556.0,4623.0,4750.0,4643.0
Ruse,(10-14),Male,4767.0,4873.0,4843.0,4827.67
Ruse,(10-14),Total,9323.0,9496.0,9593.0,9470.67
Ruse,(15-19),Female,4425.0,4437.0,4327.0,4396.33
Ruse,(15-19),Male,4755.0,4778.0,4736.0,4756.33
Ruse,(15-19),Total,9180.0,9215.0,9063.0,9152.67
Ruse,(20-24),Female,5146.0,4729.0,4532.0,4802.33
Ruse,(20-24),Male,5900.0,5371.0,5181.0,5484.0
Ruse,(20-24),Total,11046.0,10100.0,9713.0,10286.33
Ruse,(25-29),Female,6295.0,6074.0,5668.0,6012.33
Ruse,(25-29),Male,7642.0,7377.0,6866.0,7295.0
Ruse,(25-29),Total,13937.0,13451.0,12534.0,13307.33
Ruse,(30-34),Female,6741.0,6712.0,6722.0,6725.0
Ruse,(30-34),Male,7481.0,7488.0,7463.0,7477.33
Ruse,(30-34),Total,14222.0,14200.0,14185.0,14202.33
Ruse,(35-39),Female,6722.0,6628.0,6463.0,6604.33
Ruse,(35-39),Male,7581.0,7441.0,7247.0,7423.0
Ruse,(35-39),Total,14303.0,14069.0,13710.0,14027.33
Ruse,(40-44),Female,8219.0,7910.0,7475.0,7868.0
Ruse,(40-44),Male,8552.0,8382.0,7997.0,8310.33
Ruse,(40-44),Total,16771.0,16292.0,15472.0,16178.33
Ruse,(45-49),Female,7981.0,7910.0,7982.0,7957.67
Ruse,(45-49),Male,8333.0,8185.0,8178.0,8232.0
Ruse,(45-49),Total,16314.0,16095.0,16160.0,16189.67
Ruse,(5-9),Female,4680.0,4562.0,4461.0,4567.67
Ruse,(5-9),Male,5022.0,4921.0,4879.0,4940.67
Ruse,(5-9),Total,9702.0,9483.0,9340.0,9508.33
Ruse,(50-54),Female,7439.0,7508.0,7555.0,7500.67
Ruse,(50-54),Male,7517.0,7596.0,7687.0,7600.0
Ruse,(50-54),Total,14956.0,15104.0,15242.0,15100.67
Ruse,(55-59),Female,7740.0,7669.0,7685.0,7698.0
Ruse,(55-59),Male,7635.0,7614.0,7552.0,7600.33
Ruse,(55-59),Total,15375.0,15283.0,15237.0,15298.33
Ruse,(60-64),Female,8564.0,8292.0,8053.0,8303.0
Ruse,(60-64),Male,7794.0,7597.0,7346.0,7579.0
Ruse,(60-64),Total,16358.0,15889.0,15399.0,15882.0
Ruse,(65-69),Female,8931.0,8716.0,8405.0,8684.0
Ruse,(65-69),Male,7032.0,6964.0,6855.0,6950.33
Ruse,(65-69),Total,15963.0,15680.0,15260.0,15634.33
Ruse,(70-74),Female,8448.0,8558.0,8789.0,8598.33
Ruse,(70-74),Male,5748.0,5788.0,5962.0,5832.67
Ruse,(70-74),Total,14196.0,14346.0,14751.0,14431.0
Ruse,(75-79),Female,5884.0,6159.0,6338.0,6127.0
Ruse,(75-79),Male,3717.0,3812.0,3928.0,3819.0
Ruse,(75-79),Total,9601.0,9971.0,10266.0,9946.0
Ruse,(80-84),Female,4305.0,4202.0,4070.0,4192.33
Ruse,(80-84),Male,2427.0,2292.0,2199.0,2306.0
Ruse,(80-84),Total,6732.0,6494.0,6269.0,6498.33
Ruse,(85-89),Female,2223.0,2234.0,2418.0,2291.67
Ruse,(85-89),Male,1157.0,1191.0,1214.0,1187.33
Ruse,(85-89),Total,3380.0,3425.0,3632.0,3479.0
Ruse,(90+),Female,664.0,714.0,723.0,700.33
Ruse,(90+),Male,351.0,353.0,363.0,355.67
Ruse,(90+),Total,1015.0,1067.0,1086.0,1056.0
Silistra,(0-4),Female,2360.0,2295.0,2242.0,2299.0
Silistra,(0-4),Male,2459.0,2415.0,2377.0,2417.0
Silistra,(0-4),Total,4819.0,4710.0,4619.0,4716.0
Silistra,(10-14),Female,2432.0,2421.0,2460.0,2437.67
Silistra,(10-14),Male,2714.0,2712.0,2698.0,2708.0
Silistra,(10-14),Total,5146.0,5133.0,5158.0,5145.67
Silistra,(15-19),Female,2418.0,2445.0,2403.0,2422.0
Silistra,(15-19),Male,2589.0,2653.0,2639.0,2627.0
Silistra,(15-19),Total,5007.0,5098.0,5042.0,5049.0
Silistra,(20-24),Female,2284.0,2123.0,2041.0,2149.33
Silistra,(20-24),Male,2331.0,2129.0,2085.0,2181.67
Silistra,(20-24),Total,4615.0,4252.0,4126.0,4331.0
Silistra,(25-29),Female,2791.0,2734.0,2554.0,2693.0
Silistra,(25-29),Male,3121.0,2928.0,2713.0,2920.67
Silistra,(25-29),Total,5912.0,5662.0,5267.0,5613.67
Silistra,(30-34),Female,2983.0,2948.0,2966.0,2965.67
Silistra,(30-34),Male,3441.0,3445.0,3346.0,3410.67
Silistra,(30-34),Total,6424.0,6393.0,6312.0,6376.33
Silistra,(35-39),Female,3087.0,3068.0,2981.0,3045.33
Silistra,(35-39),Male,3435.0,3402.0,3379.0,3405.33
Silistra,(35-39),Total,6522.0,6470.0,6360.0,6450.67
Silistra,(40-44),Female,3764.0,3651.0,3480.0,3631.67
Silistra,(40-44),Male,3976.0,3849.0,3738.0,3854.33
Silistra,(40-44),Total,7740.0,7500.0,7218.0,7486.0
Silistra,(45-49),Female,4068.0,3857.0,3825.0,3916.67
Silistra,(45-49),Male,4426.0,4228.0,4106.0,4253.33
Silistra,(45-49),Total,8494.0,8085.0,7931.0,8170.0
Silistra,(5-9),Female,2519.0,2488.0,2458.0,2488.33
Silistra,(5-9),Male,2685.0,2641.0,2580.0,2635.33
Silistra,(5-9),Total,5204.0,5129.0,5038.0,5123.67
Silistra,(50-54),Female,3967.0,4075.0,4084.0,4042.0
Silistra,(50-54),Male,4148.0,4160.0,4235.0,4181.0
Silistra,(50-54),Total,8115.0,8235.0,8319.0,8223.0
Silistra,(55-59),Female,4039.0,4086.0,4184.0,4103.0
Silistra,(55-59),Male,4061.0,4215.0,4183.0,4153.0
Silistra,(55-59),Total,8100.0,8301.0,8367.0,8256.0
Silistra,(60-64),Female,4398.0,4277.0,4083.0,4252.67
Silistra,(60-64),Male,3896.0,3792.0,3775.0,3821.0
Silistra,(60-64),Total,8294.0,8069.0,7858.0,8073.67
Silistra,(65-69),Female,4822.0,4716.0,4533.0,4690.33
Silistra,(65-69),Male,3903.0,3846.0,3664.0,3804.33
Silistra,(65-69),Total,8725.0,8562.0,8197.0,8494.67
Silistra,(70-74),Female,4204.0,4275.0,4450.0,4309.67
Silistra,(70-74),Male,3158.0,3140.0,3262.0,3186.67
Silistra,(70-74),Total,7362.0,7415.0,7712.0,7496.33
Silistra,(75-79),Female,3199.0,3258.0,3386.0,3281.0
Silistra,(75-79),Male,2118.0,2186.0,2216.0,2173.33
Silistra,(75-79),Total,5317.0,5444.0,5602.0,5454.33
Silistra,(80-84),Female,1903.0,1918.0,1980.0,1933.67
Silistra,(80-84),Male,1150.0,1124.0,1093.0,1122.33
Silistra,(80-84),Total,3053.0,3042.0,3073.0,3056.0
Silistra,(85-89),Female,834.0,872.0,869.0,858.33
Silistra,(85-89),Male,475.0,488.0,528.0,497.0
Silistra,(85-89),Total,1309.0,1360.0,1397.0,1355.33
Silistra,(90+),Female,291.0,300.0,301.0,297.33
Silistra,(90+),Male,113.0,111.0,121.0,115.0
Silistra,(90+),Total,404.0,411.0,422.0,412.33
Sliven,(0-4),Female,5717.0,5623.0,5516.0,5618.67
Sliven,(0-4),Male,6032.0,6066.0,5948.0,6015.33
Sliven,(0-4),Total,11749.0,11689.0,11464.0,11634.0
Sliven,(10-14),Female,5714.0,5706.0,5521.0,5647.0
Sliven,(10-14),Male,5725.0,5757.0,5827.0,5769.67
Sliven,(10-14),Total,11439.0,11463.0,11348.0,11416.67
Sliven,(15-19),Female,5160.0,5191.0,5201.0,5184.0
Sliven,(15-19),Male,5441.0,5561.0,5455.0,5485.67
Sliven,(15-19),Total,10601.0,10752.0,10656.0,10669.67
Sliven,(20-24),Female,4321.0,4137.0,4147.0,4201.67
Sliven,(20-24),Male,4686.0,4463.0,4319.0,4489.33
Sliven,(20-24),Total,9007.0,8600.0,8466.0,8691.0
Sliven,(25-29),Female,5142.0,4977.0,4697.0,4938.67
Sliven,(25-29),Male,5614.0,5325.0,4999.0,5312.67
Sliven,(25-29),Total,10756.0,10302.0,9696.0,10251.33
Sliven,(30-34),Female,5414.0,5221.0,5093.0,5242.67
Sliven,(30-34),Male,6060.0,5919.0,5746.0,5908.33
Sliven,(30-34),Total,11474.0,11140.0,10839.0,11151.0
Sliven,(35-39),Female,5870.0,5714.0,5522.0,5702.0
Sliven,(35-39),Male,6367.0,6233.0,6072.0,6224.0
Sliven,(35-39),Total,12237.0,11947.0,11594.0,11926.0
Sliven,(40-44),Female,6682.0,6594.0,6328.0,6534.67
Sliven,(40-44),Male,6750.0,6685.0,6550.0,6661.67
Sliven,(40-44),Total,13432.0,13279.0,12878.0,13196.33
Sliven,(45-49),Female,6151.0,6131.0,6187.0,6156.33
Sliven,(45-49),Male,6251.0,6254.0,6304.0,6269.67
Sliven,(45-49),Total,12402.0,12385.0,12491.0,12426.0
Sliven,(5-9),Female,5623.0,5583.0,5570.0,5592.0
Sliven,(5-9),Male,5909.0,5775.0,5646.0,5776.67
Sliven,(5-9),Total,11532.0,11358.0,11216.0,11368.67
Sliven,(50-54),Female,5887.0,5886.0,5884.0,5885.67
Sliven,(50-54),Male,5943.0,5885.0,5862.0,5896.67
Sliven,(50-54),Total,11830.0,11771.0,11746.0,11782.33
Sliven,(55-59),Female,6392.0,6282.0,6234.0,6302.67
Sliven,(55-59),Male,6326.0,6227.0,6219.0,6257.33
Sliven,(55-59),Total,12718.0,12509.0,12453.0,12560.0
Sliven,(60-64),Female,6702.0,6547.0,6339.0,6529.33
Sliven,(60-64),Male,5942.0,5868.0,5708.0,5839.33
Sliven,(60-64),Total,12644.0,12415.0,12047.0,12368.67
Sliven,(65-69),Female,6912.0,6790.0,6715.0,6805.67
Sliven,(65-69),Male,5322.0,5234.0,5250.0,5268.67
Sliven,(65-69),Total,12234.0,12024.0,11965.0,12074.33
Sliven,(70-74),Female,5590.0,5884.0,6053.0,5842.33
Sliven,(70-74),Male,3896.0,4069.0,4246.0,4070.33
Sliven,(70-74),Total,9486.0,9953.0,10299.0,9912.67
Sliven,(75-79),Female,4310.0,4265.0,4347.0,4307.33
Sliven,(75-79),Male,2512.0,2503.0,2499.0,2504.67
Sliven,(75-79),Total,6822.0,6768.0,6846.0,6812.0
Sliven,(80-84),Female,3251.0,3246.0,3147.0,3214.67
Sliven,(80-84),Male,1812.0,1753.0,1658.0,1741.0
Sliven,(80-84),Total,5063.0,4999.0,4805.0,4955.67
Sliven,(85-89),Female,1492.0,1572.0,1654.0,1572.67
Sliven,(85-89),Male,822.0,830.0,864.0,838.67
Sliven,(85-89),Total,2314.0,2402.0,2518.0,2411.33
Sliven,(90+),Female,489.0,510.0,542.0,513.67
Sliven,(90+),Male,204.0,229.0,250.0,227.67
Sliven,(90+),Total,693.0,739.0,792.0,741.33
Smolyan,(0-4),Female,1873.0,1835.0,1766.0,1824.67
Smolyan,(0-4),Male,1818.0,1809.0,1790.0,1805.67
Smolyan,(0-4),Total,3691.0,3644.0,3556.0,3630.33
Smolyan,(10-14),Female,2086.0,2103.0,2144.0,2111.0
Smolyan,(10-14),Male,2303.0,2310.0,2348.0,2320.33
Smolyan,(10-14),Total,4389.0,4413.0,4492.0,4431.33
Smolyan,(15-19),Female,2031.0,1976.0,1916.0,1974.33
Smolyan,(15-19),Male,2172.0,2198.0,2117.0,2162.33
Smolyan,(15-19),Total,4203.0,4174.0,4033.0,4136.67
Smolyan,(20-24),Female,1600.0,1423.0,1407.0,1476.67
Smolyan,(20-24),Male,1778.0,1576.0,1562.0,1638.67
Smolyan,(20-24),Total,3378.0,2999.0,2969.0,3115.33
Smolyan,(25-29),Female,2319.0,2173.0,1942.0,2144.67
Smolyan,(25-29),Male,2837.0,2523.0,2218.0,2526.0
Smolyan,(25-29),Total,5156.0,4696.0,4160.0,4670.67
Smolyan,(30-34),Female,3054.0,2937.0,2749.0,2913.33
Smolyan,(30-34),Male,3581.0,3477.0,3236.0,3431.33
Smolyan,(30-34),Total,6635.0,6414.0,5985.0,6344.67
Smolyan,(35-39),Female,3397.0,3266.0,3187.0,3283.33
Smolyan,(35-39),Male,3916.0,3775.0,3655.0,3782.0
Smolyan,(35-39),Total,7313.0,7041.0,6842.0,7065.33
Smolyan,(40-44),Female,3654.0,3587.0,3516.0,3585.67
Smolyan,(40-44),Male,3927.0,3911.0,3907.0,3915.0
Smolyan,(40-44),Total,7581.0,7498.0,7423.0,7500.67
Smolyan,(45-49),Female,3972.0,3846.0,3712.0,3843.33
Smolyan,(45-49),Male,4124.0,3955.0,3820.0,3966.33
Smolyan,(45-49),Total,8096.0,7801.0,7532.0,7809.67
Smolyan,(5-9),Female,2091.0,2005.0,1907.0,2001.0
Smolyan,(5-9),Male,2178.0,2051.0,1903.0,2044.0
Smolyan,(5-9),Total,4269.0,4056.0,3810.0,4045.0
Smolyan,(50-54),Female,4319.0,4198.0,4106.0,4207.67
Smolyan,(50-54),Male,4298.0,4290.0,4217.0,4268.33
Smolyan,(50-54),Total,8617.0,8488.0,8323.0,8476.0
Smolyan,(55-59),Female,4921.0,4758.0,4591.0,4756.67
Smolyan,(55-59),Male,4841.0,4672.0,4549.0,4687.33
Smolyan,(55-59),Total,9762.0,9430.0,9140.0,9444.0
Smolyan,(60-64),Female,5148.0,5217.0,5189.0,5184.67
Smolyan,(60-64),Male,4405.0,4444.0,4458.0,4435.67
Smolyan,(60-64),Total,9553.0,9661.0,9647.0,9620.33
Smolyan,(65-69),Female,4796.0,4860.0,4889.0,4848.33
Smolyan,(65-69),Male,3713.0,3801.0,3804.0,3772.67
Smolyan,(65-69),Total,8509.0,8661.0,8693.0,8621.0
Smolyan,(70-74),Female,3790.0,3923.0,4113.0,3942.0
Smolyan,(70-74),Male,2498.0,2596.0,2780.0,2624.67
Smolyan,(70-74),Total,6288.0,6519.0,6893.0,6566.67
Smolyan,(75-79),Female,2884.0,2922.0,2922.0,2909.33
Smolyan,(75-79),Male,1856.0,1792.0,1738.0,1795.33
Smolyan,(75-79),Total,4740.0,4714.0,4660.0,4704.67
Smolyan,(80-84),Female,1997.0,2004.0,1999.0,2000.0
Smolyan,(80-84),Male,1118.0,1153.0,1158.0,1143.0
Smolyan,(80-84),Total,3115.0,3157.0,3157.0,3143.0
Smolyan,(85-89),Female,1024.0,1062.0,1166.0,1084.0
Smolyan,(85-89),Male,462.0,489.0,532.0,494.33
Smolyan,(85-89),Total,1486.0,1551.0,1698.0,1578.33
Smolyan,(90+),Female,366.0,367.0,381.0,371.33
Smolyan,(90+),Male,135.0,137.0,138.0,136.67
Smolyan,(90+),Total,501.0,504.0,519.0,508.0
Sofia,(0-4),Female,4875.0,4903.0,4908.0,4895.33
Sofia,(0-4),Male,5076.0,5178.0,5199.0,5151.0
Sofia,(0-4),Total,9951.0,10081.0,10107.0,10046.33
Sofia,(10-14),Female,5136.0,5250.0,5286.0,5224.0
Sofia,(10-14),Male,5616.0,5567.0,5693.0,5625.33
Sofia,(10-14),Total,10752.0,10817.0,10979.0,10849.33
Sofia,(15-19),Female,5028.0,4954.0,4835.0,4939.0
Sofia,(15-19),Male,5465.0,5455.0,5345.0,5421.67
Sofia,(15-19),Total,10493.0,10409.0,10180.0,10360.67
Sofia,(20-24),Female,4692.0,4465.0,4418.0,4525.0
Sofia,(20-24),Male,4959.0,4735.0,4660.0,4784.67
Sofia,(20-24),Total,9651.0,9200.0,9078.0,9309.67
Sofia,(25-29),Female,5477.0,5436.0,5232.0,5381.67
Sofia,(25-29),Male,6368.0,6025.0,5755.0,6049.33
Sofia,(25-29),Total,11845.0,11461.0,10987.0,11431.0
Sofia,(30-34),Female,6553.0,6346.0,6215.0,6371.33
Sofia,(30-34),Male,7590.0,7359.0,7115.0,7354.67
Sofia,(30-34),Total,14143.0,13705.0,13330.0,13726.0
Sofia,(35-39),Female,7184.0,7020.0,6839.0,7014.33
Sofia,(35-39),Male,8204.0,8044.0,7784.0,8010.67
Sofia,(35-39),Total,15388.0,15064.0,14623.0,15025.0
Sofia,(40-44),Female,8358.0,8099.0,7794.0,8083.67
Sofia,(40-44),Male,9111.0,8940.0,8856.0,8969.0
Sofia,(40-44),Total,17469.0,17039.0,16650.0,17052.67
Sofia,(45-49),Female,8617.0,8507.0,8509.0,8544.33
Sofia,(45-49),Male,9179.0,9096.0,9037.0,9104.0
Sofia,(45-49),Total,17796.0,17603.0,17546.0,17648.33
Sofia,(5-9),Female,5306.0,5186.0,5132.0,5208.0
Sofia,(5-9),Male,5517.0,5411.0,5248.0,5392.0
Sofia,(5-9),Total,10823.0,10597.0,10380.0,10600.0
Sofia,(50-54),Female,7893.0,8012.0,8068.0,7991.0
Sofia,(50-54),Male,8481.0,8557.0,8732.0,8590.0
Sofia,(50-54),Total,16374.0,16569.0,16800.0,16581.0
Sofia,(55-59),Female,8228.0,8045.0,8219.0,8164.0
Sofia,(55-59),Male,8404.0,8317.0,8354.0,8358.33
Sofia,(55-59),Total,16632.0,16362.0,16573.0,16522.33
Sofia,(60-64),Female,8600.0,8497.0,8243.0,8446.67
Sofia,(60-64),Male,7935.0,7840.0,7714.0,7829.67
Sofia,(60-64),Total,16535.0,16337.0,15957.0,16276.33
Sofia,(65-69),Female,9271.0,9053.0,8688.0,9004.0
Sofia,(65-69),Male,7539.0,7379.0,7183.0,7367.0
Sofia,(65-69),Total,16810.0,16432.0,15871.0,16371.0
Sofia,(70-74),Female,8135.0,8296.0,8622.0,8351.0
Sofia,(70-74),Male,6053.0,6229.0,6338.0,6206.67
Sofia,(70-74),Total,14188.0,14525.0,14960.0,14557.67
Sofia,(75-79),Female,6106.0,6125.0,6067.0,6099.33
Sofia,(75-79),Male,3877.0,3916.0,3883.0,3892.0
Sofia,(75-79),Total,9983.0,10041.0,9950.0,9991.33
Sofia,(80-84),Female,4907.0,4878.0,4752.0,4845.67
Sofia,(80-84),Male,2696.0,2626.0,2541.0,2621.0
Sofia,(80-84),Total,7603.0,7504.0,7293.0,7466.67
Sofia,(85-89),Female,2539.0,2631.0,2715.0,2628.33
Sofia,(85-89),Male,1396.0,1417.0,1383.0,1398.67
Sofia,(85-89),Total,3935.0,4048.0,4098.0,4027.0
Sofia,(90+),Female,809.0,841.0,880.0,843.33
Sofia,(90+),Male,383.0,406.0,429.0,406.0
Sofia,(90+),Total,1192.0,1247.0,1309.0,1249.33
Sofia (stolitsa),(0-4),Female,32892.0,32526.0,32075.0,32497.67
Sofia (stolitsa),(0-4),Male,34538.0,34537.0,34197.0,34424.0
Sofia (stolitsa),(0-4),Total,67430.0,67063.0,66272.0,66921.67
Sofia (stolitsa),(10-14),Female,26965.0,28468.0,30198.0,28543.67
Sofia (stolitsa),(10-14),Male,28591.0,30125.0,31937.0,30217.67
Sofia (stolitsa),(10-14),Total,55556.0,58593.0,62135.0,58761.33
Sofia (stolitsa),(15-19),Female,26144.0,26675.0,26640.0,26486.33
Sofia (stolitsa),(15-19),Male,27622.0,28064.0,28058.0,27914.67
Sofia (stolitsa),(15-19),Total,53766.0,54739.0,54698.0,54401.0
Sofia (stolitsa),(20-24),Female,37643.0,36458.0,36024.0,36708.33
Sofia (stolitsa),(20-24),Male,39067.0,38165.0,37614.0,38282.0
Sofia (stolitsa),(20-24),Total,76710.0,74623.0,73638.0,74990.33
Sofia (stolitsa),(25-29),Female,55119.0,50927.0,46866.0,50970.67
Sofia (stolitsa),(25-29),Male,56765.0,52501.0,48288.0,52518.0
Sofia (stolitsa),(25-29),Total,111884.0,103428.0,95154.0,103488.67
Sofia (stolitsa),(30-34),Female,56348.0,57795.0,58565.0,57569.33
Sofia (stolitsa),(30-34),Male,57498.0,59546.0,60509.0,59184.33
Sofia (stolitsa),(30-34),Total,113846.0,117341.0,119074.0,116753.67
Sofia (stolitsa),(35-39),Female,55383.0,54586.0,54069.0,54679.33
Sofia (stolitsa),(35-39),Male,55939.0,55216.0,54679.0,55278.0
Sofia (stolitsa),(35-39),Total,111322.0,109802.0,108748.0,109957.33
Sofia (stolitsa),(40-44),Female,57635.0,58386.0,57905.0,57975.33
Sofia (stolitsa),(40-44),Male,58595.0,59271.0,58533.0,58799.67
Sofia (stolitsa),(40-44),Total,116230.0,117657.0,116438.0,116775.0
Sofia (stolitsa),(45-49),Female,47144.0,48812.0,50679.0,48878.33
Sofia (stolitsa),(45-49),Male,47675.0,49103.0,50933.0,49237.0
Sofia (stolitsa),(45-49),Total,94819.0,97915.0,101612.0,98115.33
Sofia (stolitsa),(5-9),Female,32977.0,33045.0,33010.0,33010.67
Sofia (stolitsa),(5-9),Male,34848.0,34800.0,34718.0,34788.67
Sofia (stolitsa),(5-9),Total,67825.0,67845.0,67728.0,67799.33
Sofia (stolitsa),(50-54),Female,38292.0,39378.0,41297.0,39655.67
Sofia (stolitsa),(50-54),Male,36958.0,38291.0,40252.0,38500.33
Sofia (stolitsa),(50-54),Total,75250.0,77669.0,81549.0,78156.0
Sofia (stolitsa),(55-59),Female,40116.0,39305.0,38471.0,39297.33
Sofia (stolitsa),(55-59),Male,34800.0,34627.0,34491.0,34639.33
Sofia (stolitsa),(55-59),Total,74916.0,73932.0,72962.0,73936.67
Sofia (stolitsa),(60-64),Female,43475.0,42373.0,41066.0,42304.67
Sofia (stolitsa),(60-64),Male,33795.0,33201.0,32528.0,33174.67
Sofia (stolitsa),(60-64),Total,77270.0,75574.0,73594.0,75479.33
Sofia (stolitsa),(65-69),Female,44726.0,44438.0,43709.0,44291.0
Sofia (stolitsa),(65-69),Male,31562.0,31503.0,30884.0,31316.33
Sofia (stolitsa),(65-69),Total,76288.0,75941.0,74593.0,75607.33
Sofia (stolitsa),(70-74),Female,35117.0,36747.0,38938.0,36934.0
Sofia (stolitsa),(70-74),Male,23637.0,24407.0,25603.0,24549.0
Sofia (stolitsa),(70-74),Total,58754.0,61154.0,64541.0,61483.0
Sofia (stolitsa),(75-79),Female,24293.0,25102.0,25784.0,25059.67
Sofia (stolitsa),(75-79),Male,14914.0,15498.0,16073.0,15495.0
Sofia (stolitsa),(75-79),Total,39207.0,40600.0,41857.0,40554.67
Sofia (stolitsa),(80-84),Female,19621.0,19256.0,18757.0,19211.33
Sofia (stolitsa),(80-84),Male,10309.0,10166.0,10085.0,10186.67
Sofia (stolitsa),(80-84),Total,29930.0,29422.0,28842.0,29398.0
Sofia (stolitsa),(85-89),Female,11557.0,11741.0,12066.0,11788.0
Sofia (stolitsa),(85-89),Male,5652.0,5605.0,5668.0,5641.67
Sofia (stolitsa),(85-89),Total,17209.0,17346.0,17734.0,17429.67
Sofia (stolitsa),(90+),Female,4942.0,5139.0,5206.0,5095.67
Sofia (stolitsa),(90+),Male,2275.0,2337.0,2415.0,2342.33
Sofia (stolitsa),(90+),Total,7217.0,7476.0,7621.0,7438.0
Stara Zagora,(0-4),Female,7455.0,7426.0,7286.0,7389.0
Stara Zagora,(0-4),Male,8086.0,7950.0,7740.0,7925.33
Stara Zagora,(0-4),Total,15541.0,15376.0,15026.0,15314.33
Stara Zagora,(10-14),Female,7324.0,7502.0,7676.0,7500.67
Stara Zagora,(10-14),Male,7992.0,8109.0,8213.0,8104.67
Stara Zagora,(10-14),Total,15316.0,15611.0,15889.0,15605.33
Stara Zagora,(15-19),Female,7175.0,7272.0,7082.0,7176.33
Stara Zagora,(15-19),Male,7636.0,7703.0,7657.0,7665.33
Stara Zagora,(15-19),Total,14811.0,14975.0,14739.0,14841.67
Stara Zagora,(20-24),Female,6821.0,6409.0,6430.0,6553.33
Stara Zagora,(20-24),Male,6816.0,6457.0,6413.0,6562.0
Stara Zagora,(20-24),Total,13637.0,12866.0,12843.0,13115.33
Stara Zagora,(25-29),Female,8796.0,8506.0,7984.0,8428.67
Stara Zagora,(25-29),Male,8984.0,8527.0,7961.0,8490.67
Stara Zagora,(25-29),Total,17780.0,17033.0,15945.0,16919.33
Stara Zagora,(30-34),Female,9720.0,9585.0,9620.0,9641.67
Stara Zagora,(30-34),Male,10604.0,10268.0,10013.0,10295.0
Stara Zagora,(30-34),Total,20324.0,19853.0,19633.0,19936.67
Stara Zagora,(35-39),Female,10342.0,10063.0,9814.0,10073.0
Stara Zagora,(35-39),Male,11648.0,11444.0,11080.0,11390.67
Stara Zagora,(35-39),Total,21990.0,21507.0,20894.0,21463.67
Stara Zagora,(40-44),Female,11737.0,11667.0,11292.0,11565.33
Stara Zagora,(40-44),Male,12808.0,12696.0,12480.0,12661.33
Stara Zagora,(40-44),Total,24545.0,24363.0,23772.0,24226.67
Stara Zagora,(45-49),Female,11140.0,11137.0,11221.0,11166.0
Stara Zagora,(45-49),Male,11881.0,11956.0,12145.0,11994.0
Stara Zagora,(45-49),Total,23021.0,23093.0,23366.0,23160.0
Stara Zagora,(5-9),Female,7991.0,7873.0,7790.0,7884.67
Stara Zagora,(5-9),Male,8383.0,8438.0,8299.0,8373.33
Stara Zagora,(5-9),Total,16374.0,16311.0,16089.0,16258.0
Stara Zagora,(50-54),Female,10343.0,10366.0,10481.0,10396.67
Stara Zagora,(50-54),Male,10635.0,10750.0,10921.0,10768.67
Stara Zagora,(50-54),Total,20978.0,21116.0,21402.0,21165.33
Stara Zagora,(55-59),Female,11184.0,11012.0,10908.0,11034.67
Stara Zagora,(55-59),Male,10763.0,10717.0,10551.0,10677.0
Stara Zagora,(55-59),Total,21947.0,21729.0,21459.0,21711.67
Stara Zagora,(60-64),Female,12056.0,11764.0,11428.0,11749.33
Stara Zagora,(60-64),Male,10536.0,10270.0,10081.0,10295.67
Stara Zagora,(60-64),Total,22592.0,22034.0,21509.0,22045.0
Stara Zagora,(65-69),Female,12635.0,12373.0,12081.0,12363.0
Stara Zagora,(65-69),Male,9716.0,9591.0,9370.0,9559.0
Stara Zagora,(65-69),Total,22351.0,21964.0,21451.0,21922.0
Stara Zagora,(70-74),Female,10748.0,11031.0,11481.0,11086.67
Stara Zagora,(70-74),Male,7264.0,7568.0,7989.0,7607.0
Stara Zagora,(70-74),Total,18012.0,18599.0,19470.0,18693.67
Stara Zagora,(75-79),Female,8135.0,8267.0,8381.0,8261.0
Stara Zagora,(75-79),Male,5126.0,5042.0,4991.0,5053.0
Stara Zagora,(75-79),Total,13261.0,13309.0,13372.0,13314.0
Stara Zagora,(80-84),Female,6496.0,6342.0,6127.0,6321.67
Stara Zagora,(80-84),Male,3687.0,3567.0,3406.0,3553.33
Stara Zagora,(80-84),Total,10183.0,9909.0,9533.0,9875.0
Stara Zagora,(85-89),Female,3236.0,3426.0,3601.0,3421.0
Stara Zagora,(85-89),Male,1687.0,1729.0,1781.0,1732.33
Stara Zagora,(85-89),Total,4923.0,5155.0,5382.0,5153.33
Stara Zagora,(90+),Female,1027.0,1071.0,1102.0,1066.67
Stara Zagora,(90+),Male,454.0,482.0,520.0,485.33
Stara Zagora,(90+),Total,1481.0,1553.0,1622.0,1552.0
Targovishte,(0-4),Female,2583.0,2541.0,2464.0,2529.33
Targovishte,(0-4),Male,2576.0,2580.0,2542.0,2566.0
Targovishte,(0-4),Total,5159.0,5121.0,5006.0,5095.33
Targovishte,(10-14),Female,2801.0,2796.0,2783.0,2793.33
Targovishte,(10-14),Male,2908.0,2929.0,2859.0,2898.67
Targovishte,(10-14),Total,5709.0,5725.0,5642.0,5692.0
Targovishte,(15-19),Female,2678.0,2704.0,2669.0,2683.67
Targovishte,(15-19),Male,2772.0,2793.0,2827.0,2797.33
Targovishte,(15-19),Total,5450.0,5497.0,5496.0,5481.0
Targovishte,(20-24),Female,2486.0,2326.0,2297.0,2369.67
Targovishte,(20-24),Male,2646.0,2428.0,2300.0,2458.0
Targovishte,(20-24),Total,5132.0,4754.0,4597.0,4827.67
Targovishte,(25-29),Female,3014.0,2967.0,2884.0,2955.0
Targovishte,(25-29),Male,3229.0,3176.0,3023.0,3142.67
Targovishte,(25-29),Total,6243.0,6143.0,5907.0,6097.67
Targovishte,(30-34),Female,3187.0,3115.0,3103.0,3135.0
Targovishte,(30-34),Male,3466.0,3362.0,3372.0,3400.0
Targovishte,(30-34),Total,6653.0,6477.0,6475.0,6535.0
Targovishte,(35-39),Female,3517.0,3459.0,3404.0,3460.0
Targovishte,(35-39),Male,3908.0,3826.0,3655.0,3796.33
Targovishte,(35-39),Total,7425.0,7285.0,7059.0,7256.33
Targovishte,(40-44),Female,4029.0,3983.0,3851.0,3954.33
Targovishte,(40-44),Male,4194.0,4159.0,4128.0,4160.33
Targovishte,(40-44),Total,8223.0,8142.0,7979.0,8114.67
Targovishte,(45-49),Female,4023.0,3955.0,4013.0,3997.0
Targovishte,(45-49),Male,4481.0,4420.0,4372.0,4424.33
Targovishte,(45-49),Total,8504.0,8375.0,8385.0,8421.33
Targovishte,(5-9),Female,2785.0,2753.0,2737.0,2758.33
Targovishte,(5-9),Male,3017.0,2950.0,2917.0,2961.33
Targovishte,(5-9),Total,5802.0,5703.0,5654.0,5719.67
Targovishte,(50-54),Female,3858.0,3937.0,3958.0,3917.67
Targovishte,(50-54),Male,4074.0,4172.0,4254.0,4166.67
Targovishte,(50-54),Total,7932.0,8109.0,8212.0,8084.33
Targovishte,(55-59),Female,4213.0,4162.0,4162.0,4179.0
Targovishte,(55-59),Male,4196.0,4131.0,4154.0,4160.33
Targovishte,(55-59),Total,8409.0,8293.0,8316.0,8339.33
Targovishte,(60-64),Female,4157.0,4121.0,4035.0,4104.33
Targovishte,(60-64),Male,3901.0,3958.0,3883.0,3914.0
Targovishte,(60-64),Total,8058.0,8079.0,7918.0,8018.33
Targovishte,(65-69),Female,4368.0,4292.0,4262.0,4307.33
Targovishte,(65-69),Male,3390.0,3389.0,3515.0,3431.33
Targovishte,(65-69),Total,7758.0,7681.0,7777.0,7738.67
Targovishte,(70-74),Female,3846.0,3923.0,4032.0,3933.67
Targovishte,(70-74),Male,2630.0,2701.0,2819.0,2716.67
Targovishte,(70-74),Total,6476.0,6624.0,6851.0,6650.33
Targovishte,(75-79),Female,2825.0,2910.0,2943.0,2892.67
Targovishte,(75-79),Male,1809.0,1819.0,1863.0,1830.33
Targovishte,(75-79),Total,4634.0,4729.0,4806.0,4723.0
Targovishte,(80-84),Female,1954.0,1887.0,1874.0,1905.0
Targovishte,(80-84),Male,1125.0,1083.0,1020.0,1076.0
Targovishte,(80-84),Total,3079.0,2970.0,2894.0,2981.0
Targovishte,(85-89),Female,862.0,922.0,948.0,910.67
Targovishte,(85-89),Male,477.0,507.0,542.0,508.67
Targovishte,(85-89),Total,1339.0,1429.0,1490.0,1419.33
Targovishte,(90+),Female,346.0,332.0,331.0,336.33
Targovishte,(90+),Male,143.0,129.0,119.0,130.33
Targovishte,(90+),Total,489.0,461.0,450.0,466.67
Haskovo,(0-4),Female,5255.0,5116.0,4958.0,5109.67
Haskovo,(0-4),Male,5509.0,5312.0,5178.0,5333.0
Haskovo,(0-4),Total,10764.0,10428.0,10136.0,10442.67
Haskovo,(10-14),Female,5433.0,5431.0,5500.0,5454.67
Haskovo,(10-14),Male,5717.0,5767.0,5755.0,5746.33
Haskovo,(10-14),Total,11150.0,11198.0,11255.0,11201.0
Haskovo,(15-19),Female,5088.0,5123.0,4941.0,5050.67
Haskovo,(15-19),Male,5302.0,5363.0,5290.0,5318.33
Haskovo,(15-19),Total,10390.0,10486.0,10231.0,10369.0
Haskovo,(20-24),Female,4658.0,4349.0,4151.0,4386.0
Haskovo,(20-24),Male,5164.0,4783.0,4583.0,4843.33
Haskovo,(20-24),Total,9822.0,9132.0,8734.0,9229.33
Haskovo,(25-29),Female,5649.0,5296.0,5106.0,5350.33
Haskovo,(25-29),Male,6374.0,6019.0,5797.0,6063.33
Haskovo,(25-29),Total,12023.0,11315.0,10903.0,11413.67
Haskovo,(30-34),Female,6785.0,6683.0,6390.0,6619.33
Haskovo,(30-34),Male,7649.0,7405.0,7028.0,7360.67
Haskovo,(30-34),Total,14434.0,14088.0,13418.0,13980.0
Haskovo,(35-39),Female,7604.0,7333.0,7092.0,7343.0
Haskovo,(35-39),Male,8430.0,8243.0,8030.0,8234.33
Haskovo,(35-39),Total,16034.0,15576.0,15122.0,15577.33
Haskovo,(40-44),Female,8304.0,8175.0,8055.0,8178.0
Haskovo,(40-44),Male,9101.0,8928.0,8706.0,8911.67
Haskovo,(40-44),Total,17405.0,17103.0,16761.0,17089.67
Haskovo,(45-49),Female,7961.0,7949.0,7949.0,7953.0
Haskovo,(45-49),Male,8524.0,8567.0,8690.0,8593.67
Haskovo,(45-49),Total,16485.0,16516.0,16639.0,16546.67
Haskovo,(5-9),Female,5749.0,5704.0,5576.0,5676.33
Haskovo,(5-9),Male,5887.0,5837.0,5764.0,5829.33
Haskovo,(5-9),Total,11636.0,11541.0,11340.0,11505.67
Haskovo,(50-54),Female,7882.0,7775.0,7774.0,7810.33
Haskovo,(50-54),Male,7875.0,7906.0,7802.0,7861.0
Haskovo,(50-54),Total,15757.0,15681.0,15576.0,15671.33
Haskovo,(55-59),Female,8450.0,8251.0,8247.0,8316.0
Haskovo,(55-59),Male,8309.0,8067.0,8037.0,8137.67
Haskovo,(55-59),Total,16759.0,16318.0,16284.0,16453.67
Haskovo,(60-64),Female,9064.0,8989.0,8829.0,8960.67
Haskovo,(60-64),Male,8318.0,8197.0,8228.0,8247.67
Haskovo,(60-64),Total,17382.0,17186.0,17057.0,17208.33
Haskovo,(65-69),Female,8885.0,8897.0,8812.0,8864.67
Haskovo,(65-69),Male,7267.0,7332.0,7251.0,7283.33
Haskovo,(65-69),Total,16152.0,16229.0,16063.0,16148.0
Haskovo,(70-74),Female,7316.0,7512.0,7850.0,7559.33
Haskovo,(70-74),Male,5230.0,5486.0,5733.0,5483.0
Haskovo,(70-74),Total,12546.0,12998.0,13583.0,13042.33
Haskovo,(75-79),Female,5751.0,5827.0,5893.0,5823.67
Haskovo,(75-79),Male,3724.0,3678.0,3731.0,3711.0
Haskovo,(75-79),Total,9475.0,9505.0,9624.0,9534.67
Haskovo,(80-84),Female,4958.0,4772.0,4424.0,4718.0
Haskovo,(80-84),Male,2829.0,2613.0,2438.0,2626.67
Haskovo,(80-84),Total,7787.0,7385.0,6862.0,7344.67
Haskovo,(85-89),Female,2623.0,2671.0,2802.0,2698.67
Haskovo,(85-89),Male,1403.0,1440.0,1484.0,1442.33
Haskovo,(85-89),Total,4026.0,4111.0,4286.0,4141.0
Haskovo,(90+),Female,861.0,911.0,997.0,923.0
Haskovo,(90+),Male,388.0,434.0,446.0,422.67
Haskovo,(90+),Total,1249.0,1345.0,1443.0,1345.67
Shumen,(0-4),Female,3717.0,3570.0,3552.0,3613.0
Shumen,(0-4),Male,3881.0,3865.0,3831.0,3859.0
Shumen,(0-4),Total,7598.0,7435.0,7383.0,7472.0
Shumen,(10-14),Female,3979.0,3957.0,4047.0,3994.33
Shumen,(10-14),Male,4386.0,4328.0,4351.0,4355.0
Shumen,(10-14),Total,8365.0,8285.0,8398.0,8349.33
Shumen,(15-19),Female,3931.0,4045.0,3978.0,3984.67
Shumen,(15-19),Male,4169.0,4292.0,4248.0,4236.33
Shumen,(15-19),Total,8100.0,8337.0,8226.0,8221.0
Shumen,(20-24),Female,3950.0,3624.0,3533.0,3702.33
Shumen,(20-24),Male,4252.0,3840.0,3748.0,3946.67
Shumen,(20-24),Total,8202.0,7464.0,7281.0,7649.0
Shumen,(25-29),Female,5195.0,5008.0,4670.0,4957.67
Shumen,(25-29),Male,5521.0,5359.0,4978.0,5286.0
Shumen,(25-29),Total,10716.0,10367.0,9648.0,10243.67
Shumen,(30-34),Female,5380.0,5419.0,5577.0,5458.67
Shumen,(30-34),Male,5655.0,5597.0,5581.0,5611.0
Shumen,(30-34),Total,11035.0,11016.0,11158.0,11069.67
Shumen,(35-39),Female,5609.0,5585.0,5440.0,5544.67
Shumen,(35-39),Male,5926.0,5828.0,5697.0,5817.0
Shumen,(35-39),Total,11535.0,11413.0,11137.0,11361.67
Shumen,(40-44),Female,6456.0,6336.0,6244.0,6345.33
Shumen,(40-44),Male,6784.0,6724.0,6602.0,6703.33
Shumen,(40-44),Total,13240.0,13060.0,12846.0,13048.67
Shumen,(45-49),Female,6261.0,6308.0,6407.0,6325.33
Shumen,(45-49),Male,7076.0,6976.0,6939.0,6997.0
Shumen,(45-49),Total,13337.0,13284.0,13346.0,13322.33
Shumen,(5-9),Female,4091.0,4106.0,3983.0,4060.0
Shumen,(5-9),Male,4311.0,4256.0,4165.0,4244.0
Shumen,(5-9),Total,8402.0,8362.0,8148.0,8304.0
Shumen,(50-54),Female,5693.0,5829.0,6023.0,5848.33
Shumen,(50-54),Male,5976.0,6127.0,6415.0,6172.67
Shumen,(50-54),Total,11669.0,11956.0,12438.0,12021.0
Shumen,(55-59),Female,6224.0,6159.0,6043.0,6142.0
Shumen,(55-59),Male,6200.0,6166.0,6233.0,6199.67
Shumen,(55-59),Total,12424.0,12325.0,12276.0,12341.67
Shumen,(60-64),Female,6399.0,6366.0,6496.0,6420.33
Shumen,(60-64),Male,5712.0,5802.0,5864.0,5792.67
Shumen,(60-64),Total,12111.0,12168.0,12360.0,12213.0
Shumen,(65-69),Female,7049.0,6957.0,6869.0,6958.33
Shumen,(65-69),Male,5680.0,5673.0,5562.0,5638.33
Shumen,(65-69),Total,12729.0,12630.0,12431.0,12596.67
Shumen,(70-74),Female,5609.0,5991.0,6311.0,5970.33
Shumen,(70-74),Male,3924.0,4205.0,4469.0,4199.33
Shumen,(70-74),Total,9533.0,10196.0,10780.0,10169.67
Shumen,(75-79),Female,4075.0,4128.0,4273.0,4158.67
Shumen,(75-79),Male,2465.0,2517.0,2694.0,2558.67
Shumen,(75-79),Total,6540.0,6645.0,6967.0,6717.33
Shumen,(80-84),Female,2937.0,2924.0,2851.0,2904.0
Shumen,(80-84),Male,1691.0,1579.0,1474.0,1581.33
Shumen,(80-84),Total,4628.0,4503.0,4325.0,4485.33
Shumen,(85-89),Female,1396.0,1411.0,1505.0,1437.33
Shumen,(85-89),Male,729.0,807.0,854.0,796.67
Shumen,(85-89),Total,2125.0,2218.0,2359.0,2234.0
Shumen,(90+),Female,476.0,487.0,538.0,500.33
Shumen,(90+),Male,201.0,204.0,217.0,207.33
Shumen,(90+),Total,677.0,691.0,755.0,707.67
Yambol,(0-4),Female,2893.0,2843.0,2781.0,2839.0
Yambol,(0-4),Male,2949.0,2916.0,2867.0,2910.67
Yambol,(0-4),Total,5842.0,5759.0,5648.0,5749.67
Yambol,(10-14),Female,2921.0,3005.0,3022.0,2982.67
Yambol,(10-14),Male,3081.0,3103.0,3096.0,3093.33
Yambol,(10-14),Total,6002.0,6108.0,6118.0,6076.0
Yambol,(15-19),Female,2714.0,2706.0,2650.0,2690.0
Yambol,(15-19),Male,2889.0,2970.0,2871.0,2910.0
Yambol,(15-19),Total,5603.0,5676.0,5521.0,5600.0
Yambol,(20-24),Female,2212.0,2066.0,2067.0,2115.0
Yambol,(20-24),Male,2515.0,2338.0,2346.0,2399.67
Yambol,(20-24),Total,4727.0,4404.0,4413.0,4514.67
Yambol,(25-29),Female,2959.0,2753.0,2564.0,2758.67
Yambol,(25-29),Male,3227.0,3054.0,2952.0,3077.67
Yambol,(25-29),Total,6186.0,5807.0,5516.0,5836.33
Yambol,(30-34),Female,3282.0,3245.0,3187.0,3238.0
Yambol,(30-34),Male,3785.0,3687.0,3508.0,3660.0
Yambol,(30-34),Total,7067.0,6932.0,6695.0,6898.0
Yambol,(35-39),Female,3464.0,3389.0,3279.0,3377.33
Yambol,(35-39),Male,4002.0,3967.0,3853.0,3940.67
Yambol,(35-39),Total,7466.0,7356.0,7132.0,7318.0
Yambol,(40-44),Female,4085.0,3998.0,3885.0,3989.33
Yambol,(40-44),Male,4351.0,4221.0,4200.0,4257.33
Yambol,(40-44),Total,8436.0,8219.0,8085.0,8246.67
Yambol,(45-49),Female,3980.0,3961.0,3926.0,3955.67
Yambol,(45-49),Male,4131.0,4164.0,4159.0,4151.33
Yambol,(45-49),Total,8111.0,8125.0,8085.0,8107.0
Yambol,(5-9),Female,2963.0,2953.0,2930.0,2948.67
Yambol,(5-9),Male,3097.0,3073.0,3069.0,3079.67
Yambol,(5-9),Total,6060.0,6026.0,5999.0,6028.33
Yambol,(50-54),Female,4034.0,3945.0,3957.0,3978.67
Yambol,(50-54),Male,4106.0,4025.0,4043.0,4058.0
Yambol,(50-54),Total,8140.0,7970.0,8000.0,8036.67
Yambol,(55-59),Female,4496.0,4472.0,4454.0,4474.0
Yambol,(55-59),Male,4525.0,4467.0,4346.0,4446.0
Yambol,(55-59),Total,9021.0,8939.0,8800.0,8920.0
Yambol,(60-64),Female,4757.0,4578.0,4477.0,4604.0
Yambol,(60-64),Male,4529.0,4357.0,4213.0,4366.33
Yambol,(60-64),Total,9286.0,8935.0,8690.0,8970.33
Yambol,(65-69),Female,5061.0,4930.0,4762.0,4917.67
Yambol,(65-69),Male,4269.0,4223.0,4153.0,4215.0
Yambol,(65-69),Total,9330.0,9153.0,8915.0,9132.67
Yambol,(70-74),Female,3984.0,4275.0,4451.0,4236.67
Yambol,(70-74),Male,2835.0,3073.0,3251.0,3053.0
Yambol,(70-74),Total,6819.0,7348.0,7702.0,7289.67
Yambol,(75-79),Female,3299.0,3265.0,3186.0,3250.0
Yambol,(75-79),Male,2140.0,2075.0,2061.0,2092.0
Yambol,(75-79),Total,5439.0,5340.0,5247.0,5342.0
Yambol,(80-84),Female,2715.0,2587.0,2510.0,2604.0
Yambol,(80-84),Male,1652.0,1545.0,1411.0,1536.0
Yambol,(80-84),Total,4367.0,4132.0,3921.0,4140.0
Yambol,(85-89),Female,1263.0,1311.0,1398.0,1324.0
Yambol,(85-89),Male,691.0,722.0,780.0,731.0
Yambol,(85-89),Total,1954.0,2033.0,2178.0,2055.0
Yambol,(90+),Female,412.0,415.0,441.0,422.67
Yambol,(90+),Male,202.0,220.0,229.0,217.0
Yambol,(90+),Total,614.0,635.0,670.0,639.67
